author,questions_posted,first_question,answers_posted,first_answer,join_date,total_posts,is_bot
!,5,2023-04-07 12:19:03+00:00,1,2024-01-26 11:27:38+00:00,2023-04-07 12:19:03+00:00,6,False
0xJoyBoy03,1,2023-08-17 22:16:17+00:00,0,,2023-08-17 22:16:17+00:00,1,False
3huruf4,2,2024-09-05 13:33:12+00:00,6,2024-09-05 13:51:06+00:00,2024-09-05 13:33:12+00:00,8,False
7@CT1C@lC0D3R,2,2023-10-24 13:22:37+00:00,1,2023-10-24 13:53:49+00:00,2023-10-24 13:22:37+00:00,3,False
?mghty,0,,1,2023-08-19 13:48:28+00:00,2023-08-19 13:48:28+00:00,1,False
@!,0,,11,2023-04-07 12:45:50+00:00,2023-04-07 12:45:50+00:00,11,False
@3huruf4,0,,4,2024-09-05 14:05:00+00:00,2024-09-05 14:05:00+00:00,4,False
@AJ Goh,0,,1,2023-07-18 11:36:22+00:00,2023-07-18 11:36:22+00:00,1,False
@A_82166,0,,1,2024-06-27 17:35:59+00:00,2024-06-27 17:35:59+00:00,1,False
@Aaqib Javaid,0,,3,2024-03-16 11:50:07+00:00,2024-03-16 11:50:07+00:00,3,False
@Abigail,0,,2,2023-10-18 17:57:38+00:00,2023-10-18 17:57:38+00:00,2,False
@Absolute,0,,1,2023-03-04 23:09:46+00:00,2023-03-04 23:09:46+00:00,1,False
@Aditya,0,,1,2024-05-02 04:15:01+00:00,2024-05-02 04:15:01+00:00,1,False
@Aditya Kirad,0,,9,2023-03-24 13:18:51+00:00,2023-03-24 13:18:51+00:00,9,False
@Aditya ‚úî,0,,2,2024-01-13 06:38:02+00:00,2024-01-13 06:38:02+00:00,2,False
@AfsarHussain|India,0,,4,2025-01-20 14:45:03+00:00,2025-01-20 14:45:03+00:00,4,False
@Aissa,0,,2,2023-12-20 13:17:59+00:00,2023-12-20 13:17:59+00:00,2,False
@Akansha üå∏,0,,1,2024-01-12 18:09:26+00:00,2024-01-12 18:09:26+00:00,1,False
@Akhlaq Mehar,0,,3,2024-07-26 07:52:37+00:00,2024-07-26 07:52:37+00:00,3,False
@AkumaRift,0,,1,2024-01-28 14:35:09+00:00,2024-01-28 14:35:09+00:00,1,False
@Aldhan - „Ç¢„É´„ÉÄ„Åï„Çì,0,,1,2023-04-21 03:09:14+00:00,2023-04-21 03:09:14+00:00,1,False
@AlexEveryGuy,0,,6,2024-08-31 06:47:18+00:00,2024-08-31 06:47:18+00:00,6,False
@Alexander Alzate,0,,3,2024-01-22 11:59:24+00:00,2024-01-22 11:59:24+00:00,3,False
@Alone,0,,3,2024-12-29 17:27:52+00:00,2024-12-29 17:27:52+00:00,3,False
@Alpox,0,,11,2023-01-03 00:51:54+00:00,2023-01-03 00:51:54+00:00,11,False
@Alucard Belmont,0,,3,2023-01-08 20:45:21+00:00,2023-01-08 20:45:21+00:00,3,False
@Amo,0,,1,2023-09-17 09:13:48+00:00,2023-09-17 09:13:48+00:00,1,False
@Andr√©,0,,1,2024-01-09 20:15:32+00:00,2024-01-09 20:15:32+00:00,1,False
@Ankit Rastogi,0,,1,2024-01-16 17:35:28+00:00,2024-01-16 17:35:28+00:00,1,False
@Annup,0,,4,2023-07-22 19:19:45+00:00,2023-07-22 19:19:45+00:00,4,False
@Anurag Gupta,0,,5,2024-01-20 14:07:26+00:00,2024-01-20 14:07:26+00:00,5,False
@Asje2005#55,0,,19,2023-08-24 18:02:25+00:00,2023-08-24 18:02:25+00:00,19,False
@Average_Joe,0,,5,2024-04-15 03:48:45+00:00,2024-04-15 03:48:45+00:00,5,False
@Aytac,0,,3,2024-04-30 20:50:33+00:00,2024-04-30 20:50:33+00:00,3,False
@Be Claire,0,,3,2023-10-13 18:21:07+00:00,2023-10-13 18:21:07+00:00,3,False
@Benedict Baah,0,,2,2022-11-09 12:17:46+00:00,2022-11-09 12:17:46+00:00,2,False
@Bilalexander 'The Great',0,,2,2023-01-11 11:12:05+00:00,2023-01-11 11:12:05+00:00,2,False
@Blake_xiaohui,0,,2,2025-03-14 12:11:44+00:00,2025-03-14 12:11:44+00:00,2,False
@Blu,0,,1,2024-04-18 18:27:25+00:00,2024-04-18 18:27:25+00:00,1,False
@Bourinio,0,,4,2023-11-06 13:29:43+00:00,2023-11-06 13:29:43+00:00,4,False
@Brian,0,,3,2023-08-27 12:41:23+00:00,2023-08-27 12:41:23+00:00,3,False
@Bubble Goose,0,,1,2024-03-30 21:30:05+00:00,2024-03-30 21:30:05+00:00,1,False
@Bukki,0,,3,2024-06-06 01:27:12+00:00,2024-06-06 01:27:12+00:00,3,False
@CamperChan,0,,22,2023-01-28 12:52:05+00:00,2023-01-28 12:52:05+00:00,22,False
@CapslockHero,0,,9,2024-04-20 21:06:21+00:00,2024-04-20 21:06:21+00:00,9,False
@Carlos,0,,2,2024-11-21 02:22:42+00:00,2024-11-21 02:22:42+00:00,2,False
@Chanchan Man,0,,1,2023-02-07 05:38:39+00:00,2023-02-07 05:38:39+00:00,1,False
@Chanzy,0,,3,2024-12-24 13:58:54+00:00,2024-12-24 13:58:54+00:00,3,False
@Charlieeee,0,,2,2024-07-11 00:10:02+00:00,2024-07-11 00:10:02+00:00,2,False
@Choo‚ôöùïÇùïöùïüùïò,0,,1,2023-09-16 01:18:06+00:00,2023-09-16 01:18:06+00:00,1,False
@Chrisred83,0,,1,2024-07-17 06:45:45+00:00,2024-07-17 06:45:45+00:00,1,False
@CitizenOfAsgard,0,,2,2022-11-16 20:50:14+00:00,2022-11-16 20:50:14+00:00,2,False
@CodingPanda,0,,2,2024-11-07 05:12:26+00:00,2024-11-07 05:12:26+00:00,2,False
@CurryFury,0,,11,2023-10-01 16:39:09+00:00,2023-10-01 16:39:09+00:00,11,False
@Cyber_sifg,0,,4,2024-04-20 21:10:32+00:00,2024-04-20 21:10:32+00:00,4,False
@Czarindafreeza#069,0,,1,2023-01-22 22:38:56+00:00,2023-01-22 22:38:56+00:00,1,False
@DASHER,0,,5,2024-07-31 13:37:36+00:00,2024-07-31 13:37:36+00:00,5,False
@DN Josh,0,,2,2024-04-13 23:01:30+00:00,2024-04-13 23:01:30+00:00,2,False
@Dafoe,0,,2,2023-09-14 20:26:07+00:00,2023-09-14 20:26:07+00:00,2,False
@Daksh Singh Rathore,0,,4,2023-06-17 15:45:02+00:00,2023-06-17 15:45:02+00:00,4,False
@DamiRae,0,,7,2023-10-08 14:12:25+00:00,2023-10-08 14:12:25+00:00,7,False
@DanCouper,0,,3,2023-03-29 17:33:18+00:00,2023-03-29 17:33:18+00:00,3,False
@Daniel,0,,3,2023-03-18 14:10:04+00:00,2023-03-18 14:10:04+00:00,3,False
@Danny,0,,4,2024-12-18 13:48:05+00:00,2024-12-18 13:48:05+00:00,4,False
@DannyB1611,0,,13,2025-01-18 21:40:11+00:00,2025-01-18 21:40:11+00:00,13,False
@DarkKnight1882,0,,6,2025-03-12 11:46:16+00:00,2025-03-12 11:46:16+00:00,6,False
@Dasta[coding ? online : offline],0,,3,2023-08-23 12:46:54+00:00,2023-08-23 12:46:54+00:00,3,False
@Dee,0,,6,2023-07-09 14:53:55+00:00,2023-07-09 14:53:55+00:00,6,False
@Deleted User,0,,15,2022-10-12 05:07:18+00:00,2022-10-12 05:07:18+00:00,15,False
@Dhiras,0,,12,2023-11-22 12:03:02+00:00,2023-11-22 12:03:02+00:00,12,False
@Dimanche,0,,4,2023-09-13 13:15:57+00:00,2023-09-13 13:15:57+00:00,4,False
@Divya075,0,,3,2023-08-06 13:09:59+00:00,2023-08-06 13:09:59+00:00,3,False
@DoggyTrader,0,,2,2024-01-25 16:48:41+00:00,2024-01-25 16:48:41+00:00,2,False
@Dorara,0,,2,2023-04-02 20:27:01+00:00,2023-04-02 20:27:01+00:00,2,False
@Dotty,0,,5,2023-10-13 06:02:07+00:00,2023-10-13 06:02:07+00:00,5,False
@DreamWalker,0,,66,2024-10-13 00:48:34+00:00,2024-10-13 00:48:34+00:00,66,False
@Drew90,0,,2,2024-03-04 15:02:33+00:00,2024-03-04 15:02:33+00:00,2,False
@Drujehong,0,,6,2022-12-15 05:45:09+00:00,2022-12-15 05:45:09+00:00,6,False
@Dtrizzle,0,,7,2024-12-25 09:45:33+00:00,2024-12-25 09:45:33+00:00,7,False
@Ella,0,,1,2024-11-15 00:41:28+00:00,2024-11-15 00:41:28+00:00,1,False
@Elmiko,0,,3,2023-07-15 18:50:27+00:00,2023-07-15 18:50:27+00:00,3,False
@Esau erecto,0,,1,2025-05-23 17:21:10+00:00,2025-05-23 17:21:10+00:00,1,False
@Ethan Marnewick,0,,1,2023-01-29 09:46:49+00:00,2023-01-29 09:46:49+00:00,1,False
@FLUBBERJUICE,0,,2,2024-06-06 01:24:56+00:00,2024-06-06 01:24:56+00:00,2,False
@FPS_Scott,0,,4,2022-09-19 18:32:44+00:00,2022-09-19 18:32:44+00:00,4,False
@Filmmaker | Coder | Investor,0,,18,2024-01-19 13:17:30+00:00,2024-01-19 13:17:30+00:00,18,False
@FiredragonPlayz,0,,1,2025-03-31 09:28:40+00:00,2025-03-31 09:28:40+00:00,1,False
@ForzaFERR‚ñ≤RI,0,,3,2023-04-30 04:35:15+00:00,2023-04-30 04:35:15+00:00,3,False
@GOLFBALLLL,0,,4,2023-11-11 01:35:17+00:00,2023-11-11 01:35:17+00:00,4,False
@GeorgeGFX,0,,1,2023-07-10 08:25:37+00:00,2023-07-10 08:25:37+00:00,1,False
@Gudako,0,,2,2023-08-28 14:44:03+00:00,2023-08-28 14:44:03+00:00,2,False
@Guga Cavalieri,0,,2,2024-07-26 15:33:13+00:00,2024-07-26 15:33:13+00:00,2,False
@Gwoz,0,,2,2024-02-08 03:39:33+00:00,2024-02-08 03:39:33+00:00,2,False
@HOlllOW,0,,1,2023-02-22 23:27:08+00:00,2023-02-22 23:27:08+00:00,1,False
@Hacker4world,0,,2,2024-06-02 20:04:46+00:00,2024-06-02 20:04:46+00:00,2,False
@Hadi H.,0,,1,2024-06-02 22:03:11+00:00,2024-06-02 22:03:11+00:00,1,False
@Hatty,0,,2,2024-12-13 01:08:38+00:00,2024-12-13 01:08:38+00:00,2,False
@Hazza,0,,6,2023-03-16 22:40:03+00:00,2023-03-16 22:40:03+00:00,6,False
@HelloKittyAlien,0,,1,2022-10-22 17:38:45+00:00,2022-10-22 17:38:45+00:00,1,False
@HemanthTG,0,,2,2025-03-21 16:06:50+00:00,2025-03-21 16:06:50+00:00,2,False
@HizbullahM,0,,8,2023-12-23 17:42:45+00:00,2023-12-23 17:42:45+00:00,8,False
@I M Ghareeb,0,,3,2024-01-11 02:38:27+00:00,2024-01-11 02:38:27+00:00,3,False
@Icarus,0,,12,2025-03-27 10:39:18+00:00,2025-03-27 10:39:18+00:00,12,False
@JStrummer,0,,4,2023-02-04 17:59:56+00:00,2023-02-04 17:59:56+00:00,4,False
@Jared_King,0,,1,2025-04-27 19:04:22+00:00,2025-04-27 19:04:22+00:00,1,False
@Jawad,0,,1,2023-11-13 07:02:25+00:00,2023-11-13 07:02:25+00:00,1,False
@JazzaFrazz,0,,9,2023-06-04 19:09:16+00:00,2023-06-04 19:09:16+00:00,9,False
@Jazzy,0,,1,2023-06-23 17:23:42+00:00,2023-06-23 17:23:42+00:00,1,False
@Jen Schultz (GMT -5),0,,3,2024-02-21 00:58:29+00:00,2024-02-21 00:58:29+00:00,3,False
@Jishing,0,,21,2023-11-07 14:05:34+00:00,2023-11-07 14:05:34+00:00,21,False
@Joe Joe,0,,6,2023-05-28 13:41:26+00:00,2023-05-28 13:41:26+00:00,6,False
@Jonas15zwei9,0,,2,2025-04-21 22:50:31+00:00,2025-04-21 22:50:31+00:00,2,False
@Juan Luis,0,,2,2024-08-19 21:51:12+00:00,2024-08-19 21:51:12+00:00,2,False
@Juan(K1D_AC3_21),0,,2,2023-12-25 07:44:02+00:00,2023-12-25 07:44:02+00:00,2,False
@Jules (salentipy),0,,2,2024-07-12 20:18:17+00:00,2024-07-12 20:18:17+00:00,2,False
@J√©r√©mie,0,,2,2025-05-23 21:31:36+00:00,2025-05-23 21:31:36+00:00,2,False
@KAWPHUNMAN,0,,5,2025-03-11 04:39:35+00:00,2025-03-11 04:39:35+00:00,5,False
@Kai,0,,4,2023-12-14 17:13:50+00:00,2023-12-14 17:13:50+00:00,4,False
@Khaiyadsai,0,,3,2024-07-26 10:12:37+00:00,2024-07-26 10:12:37+00:00,3,False
@Kilos,0,,8,2023-06-16 21:56:18+00:00,2023-06-16 21:56:18+00:00,8,False
@Kliff,0,,1,2023-01-27 18:05:19+00:00,2023-01-27 18:05:19+00:00,1,False
@KozmicLuis,0,,2,2023-07-18 17:02:58+00:00,2023-07-18 17:02:58+00:00,2,False
@Kraval,0,,1,2023-10-26 02:58:26+00:00,2023-10-26 02:58:26+00:00,1,False
@Kris,0,,1,2024-07-12 03:17:37+00:00,2024-07-12 03:17:37+00:00,1,False
@Krizt Ruiz,0,,1,2024-12-09 09:35:24+00:00,2024-12-09 09:35:24+00:00,1,False
@Kypac,0,,1,2023-02-24 04:19:47+00:00,2023-02-24 04:19:47+00:00,1,False
@LBJ,0,,1,2023-04-03 04:58:02+00:00,2023-04-03 04:58:02+00:00,1,False
@LEGION,0,,1,2024-05-13 15:45:34+00:00,2024-05-13 15:45:34+00:00,1,False
@LLC00LTAY,0,,5,2024-01-17 11:40:31+00:00,2024-01-17 11:40:31+00:00,5,False
@Lanie,0,,12,2022-10-02 04:49:47+00:00,2022-10-02 04:49:47+00:00,12,False
@Late2Dinner,0,,6,2024-01-30 17:57:33+00:00,2024-01-30 17:57:33+00:00,6,False
@Les Carbonaro,0,,5,2024-06-01 13:27:16+00:00,2024-06-01 13:27:16+00:00,5,False
@Leti._.what,0,,3,2024-08-10 14:29:34+00:00,2024-08-10 14:29:34+00:00,3,False
@LittleInksmith,0,,1,2024-12-04 17:15:12+00:00,2024-12-04 17:15:12+00:00,1,False
@Logan,0,,3,2024-12-25 10:31:58+00:00,2024-12-25 10:31:58+00:00,3,False
@Lokesh Jay,0,,36,2023-01-28 12:40:32+00:00,2023-01-28 12:40:32+00:00,36,False
@Lorena,0,,1,2024-03-13 15:36:01+00:00,2024-03-13 15:36:01+00:00,1,False
@Lou ‚ú®,0,,1,2023-05-05 13:37:51+00:00,2023-05-05 13:37:51+00:00,1,False
@Luca,0,,3,2023-01-02 12:28:14+00:00,2023-01-02 12:28:14+00:00,3,False
@Lyall,0,,3,2022-09-14 16:24:13+00:00,2022-09-14 16:24:13+00:00,3,False
@M4ST3ER3,0,,10,2022-11-17 17:29:48+00:00,2022-11-17 17:29:48+00:00,10,False
@Maestro,0,,10,2024-01-19 10:56:37+00:00,2024-01-19 10:56:37+00:00,10,False
@Mando,0,,3,2023-10-22 13:03:10+00:00,2023-10-22 13:03:10+00:00,3,False
@Marshall,0,,4,2024-09-28 06:53:25+00:00,2024-09-28 06:53:25+00:00,4,False
@Martin ≈†vanda,0,,3,2024-04-18 14:34:41+00:00,2024-04-18 14:34:41+00:00,3,False
@Mc Samuel,0,,1,2024-01-10 18:58:52+00:00,2024-01-10 18:58:52+00:00,1,False
@McClowny,0,,1,2025-03-30 19:22:50+00:00,2025-03-30 19:22:50+00:00,1,False
@Mees,0,,1,2024-03-28 21:19:07+00:00,2024-03-28 21:19:07+00:00,1,False
@Mia,0,,8,2023-03-22 06:40:49+00:00,2023-03-22 06:40:49+00:00,8,False
@MindfulTatiana,0,,2,2024-01-07 14:58:45+00:00,2024-01-07 14:58:45+00:00,2,False
@Miszkas_sm,0,,4,2025-05-24 16:25:23+00:00,2025-05-24 16:25:23+00:00,4,False
@Mohammed_Malleck,0,,6,2024-05-20 11:42:08+00:00,2024-05-20 11:42:08+00:00,6,False
@Molasses,0,,2,2024-07-26 03:07:37+00:00,2024-07-26 03:07:37+00:00,2,False
@Mr. Limbo,0,,1,2024-06-27 17:35:58+00:00,2024-06-27 17:35:58+00:00,1,False
@MrKjeld,0,,3,2023-06-23 07:05:56+00:00,2023-06-23 07:05:56+00:00,3,False
@Muhammad Muzzamal,0,,1,2025-04-07 19:24:18+00:00,2025-04-07 19:24:18+00:00,1,False
@Muhammad Zeeshan,0,,3,2024-08-19 19:44:42+00:00,2024-08-19 19:44:42+00:00,3,False
@Mujab_ayo,0,,2,2023-03-03 13:44:15+00:00,2023-03-03 13:44:15+00:00,2,False
@My name is Err,0,,3,2024-09-09 20:25:17+00:00,2024-09-09 20:25:17+00:00,3,False
@NINJA‚öî,0,,1,2023-08-10 00:49:40+00:00,2023-08-10 00:49:40+00:00,1,False
@NK_dacoder,0,,2,2024-09-24 10:08:18+00:00,2024-09-24 10:08:18+00:00,2,False
@NT,0,,6,2023-05-06 13:27:10+00:00,2023-05-06 13:27:10+00:00,6,False
@Naomi,0,,13,2022-10-08 21:11:03+00:00,2022-10-08 21:11:03+00:00,13,False
@Nassim,0,,1,2025-03-09 05:53:17+00:00,2025-03-09 05:53:17+00:00,1,False
@NeedHelp!!!!,0,,2,2024-04-11 16:18:17+00:00,2024-04-11 16:18:17+00:00,2,False
@Nevin06,0,,4,2023-05-08 18:36:42+00:00,2023-05-08 18:36:42+00:00,4,False
@Nicholas Bennett,0,,2,2025-05-03 10:38:47+00:00,2025-05-03 10:38:47+00:00,2,False
@Nikolaj - Nick,0,,4,2025-04-07 15:53:46+00:00,2025-04-07 15:53:46+00:00,4,False
@Nils,0,,2,2024-08-09 18:14:20+00:00,2024-08-09 18:14:20+00:00,2,False
@Njun,0,,12,2023-11-11 14:07:12+00:00,2023-11-11 14:07:12+00:00,12,False
@Oyasumhi,0,,1,2024-08-21 04:40:40+00:00,2024-08-21 04:40:40+00:00,1,False
@Pablo Caballero,0,,1,2024-01-31 16:08:06+00:00,2024-01-31 16:08:06+00:00,1,False
@PapermasteroneDC,0,,9,2024-06-05 23:49:37+00:00,2024-06-05 23:49:37+00:00,9,False
@Pers,0,,3,2025-03-16 21:58:53+00:00,2025-03-16 21:58:53+00:00,3,False
@Pit,0,,2,2024-11-07 15:26:17+00:00,2024-11-07 15:26:17+00:00,2,False
@PlatonicLettuce,0,,1,2023-02-24 00:09:18+00:00,2023-02-24 00:09:18+00:00,1,False
@Pure,0,,10,2023-11-22 12:03:03+00:00,2023-11-22 12:03:03+00:00,10,False
@Purnima,0,,1,2024-05-21 13:56:43+00:00,2024-05-21 13:56:43+00:00,1,False
@R4DN4S,0,,3,2025-01-23 14:19:33+00:00,2025-01-23 14:19:33+00:00,3,False
@Raavanan,0,,4,2022-10-27 12:58:43+00:00,2022-10-27 12:58:43+00:00,4,False
@Rain,0,,29,2024-07-25 17:54:08+00:00,2024-07-25 17:54:08+00:00,29,False
@Raj,0,,1,2025-03-17 10:57:00+00:00,2025-03-17 10:57:00+00:00,1,False
@RazzleFish DazzleFish,0,,121,2024-01-21 13:08:56+00:00,2024-01-21 13:08:56+00:00,121,False
@Reayler,0,,1,2024-04-07 11:23:56+00:00,2024-04-07 11:23:56+00:00,1,False
@Reba,0,,2,2022-10-08 21:09:52+00:00,2022-10-08 21:09:52+00:00,2,False
@Ren,0,,2,2024-02-21 15:35:20+00:00,2024-02-21 15:35:20+00:00,2,False
@RevelUp,0,,3,2024-08-29 05:26:23+00:00,2024-08-29 05:26:23+00:00,3,False
@Riley,0,,14,2023-12-04 17:47:10+00:00,2023-12-04 17:47:10+00:00,14,False
@Rithvik,0,,3,2024-04-18 06:33:24+00:00,2024-04-18 06:33:24+00:00,3,False
@Ritvars ‚¨£ r-staking.com,0,,4,2024-01-19 18:44:31+00:00,2024-01-19 18:44:31+00:00,4,False
@Riya Dhami,0,,4,2024-07-06 10:37:18+00:00,2024-07-06 10:37:18+00:00,4,False
@S0N!C,0,,2,2024-06-02 07:25:49+00:00,2024-06-02 07:25:49+00:00,2,False
@Saburo,0,,2,2024-01-23 13:30:37+00:00,2024-01-23 13:30:37+00:00,2,False
@SaintPeter,0,,93,2022-10-03 22:13:13+00:00,2022-10-03 22:13:13+00:00,93,False
@Scheming Witch,0,,2,2024-01-02 16:56:28+00:00,2024-01-02 16:56:28+00:00,2,False
@Sebastian_W,0,,17,2024-09-08 15:52:45+00:00,2024-09-08 15:52:45+00:00,17,False
@Sebasti√°n M,0,,2,2024-07-29 16:27:44+00:00,2024-07-29 16:27:44+00:00,2,False
@Sen,0,,16,2024-08-04 12:29:02+00:00,2024-08-04 12:29:02+00:00,16,False
@Serge Sunlust Solkatt,0,,14,2023-07-08 20:11:39+00:00,2023-07-08 20:11:39+00:00,14,False
@Shayan,0,,1,2023-11-30 12:06:30+00:00,2023-11-30 12:06:30+00:00,1,False
@Simon,0,,3,2025-05-25 16:22:45+00:00,2025-05-25 16:22:45+00:00,3,False
@Snake-Lady Fighter JoJoMathsFish,0,,8,2024-10-29 17:39:40+00:00,2024-10-29 17:39:40+00:00,8,False
@Snow,0,,2,2025-03-13 14:42:58+00:00,2025-03-13 14:42:58+00:00,2,False
@Someone,0,,1,2023-05-05 13:47:22+00:00,2023-05-05 13:47:22+00:00,1,False
@Soum,0,,2,2023-04-07 00:19:49+00:00,2023-04-07 00:19:49+00:00,2,False
@Spaceman,0,,2,2023-01-31 07:57:02+00:00,2023-01-31 07:57:02+00:00,2,False
@Sprigazalea,0,,3,2025-02-01 03:44:17+00:00,2025-02-01 03:44:17+00:00,3,False
@Starbreeze,0,,18,2022-12-14 19:56:29+00:00,2022-12-14 19:56:29+00:00,18,False
@Stephan,0,,2,2023-03-19 00:24:43+00:00,2023-03-19 00:24:43+00:00,2,False
@Stonelar,0,,3,2024-10-19 14:31:24+00:00,2024-10-19 14:31:24+00:00,3,False
@Suzy M,0,,32,2024-04-11 17:39:00+00:00,2024-04-11 17:39:00+00:00,32,False
@Tahmid Emam,0,,2,2025-01-20 08:22:17+00:00,2025-01-20 08:22:17+00:00,2,False
@TanDoori CodEs,0,,1,2024-12-11 18:34:15+00:00,2024-12-11 18:34:15+00:00,1,False
@Tareq,0,,4,2023-10-26 15:24:32+00:00,2023-10-26 15:24:32+00:00,4,False
@Tcukawi | Arichain,0,,1,2023-04-02 02:54:03+00:00,2023-04-02 02:54:03+00:00,1,False
@TechVio,0,,2,2023-05-29 14:58:41+00:00,2023-05-29 14:58:41+00:00,2,False
@Temujin,0,,3,2025-04-29 23:08:03+00:00,2025-04-29 23:08:03+00:00,3,False
@Tex,0,,2,2022-09-16 15:23:02+00:00,2022-09-16 15:23:02+00:00,2,False
@The baller,0,,12,2024-04-24 06:26:36+00:00,2024-04-24 06:26:36+00:00,12,False
@Tiit0.,0,,1,2022-10-19 09:01:19+00:00,2022-10-19 09:01:19+00:00,1,False
@Toast.,0,,3,2024-12-08 01:19:14+00:00,2024-12-08 01:19:14+00:00,3,False
@Tony Fifi,0,,3,2023-04-27 13:59:13+00:00,2023-04-27 13:59:13+00:00,3,False
@Tordur Hansen,0,,3,2025-05-23 22:45:05+00:00,2025-05-23 22:45:05+00:00,3,False
@Tuan,0,,2,2024-11-08 00:51:23+00:00,2024-11-08 00:51:23+00:00,2,False
@Tumbo,0,,1,2025-05-26 06:43:13+00:00,2025-05-26 06:43:13+00:00,1,False
@TyeCodes,0,,3,2024-07-25 17:07:47+00:00,2024-07-25 17:07:47+00:00,3,False
@Tylevo,0,,3,2024-06-10 20:15:12+00:00,2024-06-10 20:15:12+00:00,3,False
@Udai,0,,4,2023-11-05 12:37:18+00:00,2023-11-05 12:37:18+00:00,4,False
@Uploadsys,0,,5,2024-05-22 12:33:00+00:00,2024-05-22 12:33:00+00:00,5,False
@Vengeance,0,,1,2025-03-15 13:07:20+00:00,2025-03-15 13:07:20+00:00,1,False
@Vipe,0,,29,2024-02-27 20:13:53+00:00,2024-02-27 20:13:53+00:00,29,False
@Vyvy-vi,0,,6,2022-10-03 12:13:34+00:00,2022-10-03 12:13:34+00:00,6,False
@WINNER,0,,23,2023-09-19 17:22:54+00:00,2023-09-19 17:22:54+00:00,23,False
@WangGang,0,,5,2022-11-17 17:00:37+00:00,2022-11-17 17:00:37+00:00,5,False
@Warrior,0,,16,2023-10-21 22:43:59+00:00,2023-10-21 22:43:59+00:00,16,False
@Werner,0,,51,2024-09-29 22:05:58+00:00,2024-09-29 22:05:58+00:00,51,False
@Xavier,0,,1,2023-04-02 20:18:06+00:00,2023-04-02 20:18:06+00:00,1,False
@Yllen Fernandez,0,,15,2024-02-29 17:18:47+00:00,2024-02-29 17:18:47+00:00,15,False
@Your Friendly Moderator,0,,1,2025-01-12 11:18:42+00:00,2025-01-12 11:18:42+00:00,1,True
@Zak,0,,4,2024-07-13 10:23:45+00:00,2024-07-13 10:23:45+00:00,4,False
@Zandejn,0,,4,2022-12-28 16:25:53+00:00,2022-12-28 16:25:53+00:00,4,False
@Zenon,0,,2,2023-06-10 14:57:15+00:00,2023-06-10 14:57:15+00:00,2,False
@^$Astro^$,0,,2,2025-03-28 19:34:04+00:00,2025-03-28 19:34:04+00:00,2,False
@_P√òL√ò_,0,,1,2024-05-12 10:18:19+00:00,2024-05-12 10:18:19+00:00,1,False
@aadi,0,,1,2024-02-17 18:58:43+00:00,2024-02-17 18:58:43+00:00,1,False
@abhaygatsaraswat,0,,1,2023-02-15 08:36:19+00:00,2023-02-15 08:36:19+00:00,1,False
@abinding04,0,,1,2024-04-01 13:47:27+00:00,2024-04-01 13:47:27+00:00,1,False
@aditya_alshi_,0,,3,2024-02-14 23:02:20+00:00,2024-02-14 23:02:20+00:00,3,False
@afucher,0,,3,2023-02-07 01:32:54+00:00,2023-02-07 01:32:54+00:00,3,False
@agent,0,,2,2023-01-11 17:14:56+00:00,2023-01-11 17:14:56+00:00,2,False
@akidev,0,,6,2024-01-20 18:52:17+00:00,2024-01-20 18:52:17+00:00,6,False
@amrit_kt,0,,2,2024-12-30 09:54:49+00:00,2024-12-30 09:54:49+00:00,2,False
@andreninpad,0,,2,2024-10-30 11:30:25+00:00,2024-10-30 11:30:25+00:00,2,False
@andresrojas9666,0,,1,2024-07-25 21:19:18+00:00,2024-07-25 21:19:18+00:00,1,False
@andreydmitriev39r,0,,11,2022-09-14 16:23:17+00:00,2022-09-14 16:23:17+00:00,11,False
@apple,0,,2,2023-02-23 03:37:31+00:00,2023-02-23 03:37:31+00:00,2,False
@augsch√ºtze,0,,22,2022-10-14 00:50:49+00:00,2022-10-14 00:50:49+00:00,22,False
@ayidSudirman,0,,5,2024-05-02 04:53:57+00:00,2024-05-02 04:53:57+00:00,5,False
@bassem,0,,2,2023-12-25 19:46:12+00:00,2023-12-25 19:46:12+00:00,2,False
@bienvenue cedrick,0,,3,2024-10-19 08:51:07+00:00,2024-10-19 08:51:07+00:00,3,False
@blagoje13,0,,4,2024-10-17 13:13:26+00:00,2024-10-17 13:13:26+00:00,4,False
@blamblam,0,,1,2023-07-19 01:29:09+00:00,2023-07-19 01:29:09+00:00,1,False
@bogus_fogus,0,,1,2024-12-09 20:22:25+00:00,2024-12-09 20:22:25+00:00,1,False
@bradtaniguchi,0,,14,2022-12-15 02:44:56+00:00,2022-12-15 02:44:56+00:00,14,False
@brick wall,0,,2,2024-11-23 12:08:47+00:00,2024-11-23 12:08:47+00:00,2,False
@bunchofrdmltrs,0,,2,2022-12-01 16:21:42+00:00,2022-12-01 16:21:42+00:00,2,False
@buzzlebee,0,,1,2025-05-31 20:28:16+00:00,2025-05-31 20:28:16+00:00,1,False
@carlosfrontend,0,,21,2023-06-04 17:20:20+00:00,2023-06-04 17:20:20+00:00,21,False
@chef,0,,2,2023-05-24 00:06:31+00:00,2023-05-24 00:06:31+00:00,2,False
@cibejjaka,0,,3,2025-03-30 18:47:32+00:00,2025-03-30 18:47:32+00:00,3,False
@curioventurer,0,,6,2023-05-16 09:30:47+00:00,2023-05-16 09:30:47+00:00,6,False
@cyberia777,0,,3,2024-01-15 02:07:52+00:00,2024-01-15 02:07:52+00:00,3,False
@darkvader,0,,5,2024-11-13 15:07:13+00:00,2024-11-13 15:07:13+00:00,5,False
@davide_ravasi,0,,1,2024-02-22 09:14:06+00:00,2024-02-22 09:14:06+00:00,1,False
@deathgamer...,0,,5,2023-02-12 03:47:21+00:00,2023-02-12 03:47:21+00:00,5,False
@devasya,0,,14,2024-08-01 13:32:45+00:00,2024-08-01 13:32:45+00:00,14,False
@dharnny$50trillion,0,,3,2024-03-04 14:01:17+00:00,2024-03-04 14:01:17+00:00,3,False
@djcharliedeville,0,,6,2025-04-19 19:00:53+00:00,2025-04-19 19:00:53+00:00,6,False
@ecniiiv,0,,4,2023-10-24 11:22:57+00:00,2023-10-24 11:22:57+00:00,4,False
@eden,0,,2,2022-12-18 15:08:26+00:00,2022-12-18 15:08:26+00:00,2,False
@eusebieDev,0,,2,2024-04-16 15:25:37+00:00,2024-04-16 15:25:37+00:00,2,False
@filus,0,,2,2024-09-11 00:13:46+00:00,2024-09-11 00:13:46+00:00,2,False
@fionn,0,,12,2024-03-27 12:01:30+00:00,2024-03-27 12:01:30+00:00,12,False
@geeky_soul_86,0,,1,2024-09-20 15:33:04+00:00,2024-09-20 15:33:04+00:00,1,False
@gregWDumont,0,,1,2023-02-03 08:50:36+00:00,2023-02-03 08:50:36+00:00,1,False
@gregersvartskinn,0,,4,2022-12-27 14:45:05+00:00,2022-12-27 14:45:05+00:00,4,False
@grindersDev,0,,3,2024-09-28 12:55:23+00:00,2024-09-28 12:55:23+00:00,3,False
@gurt,0,,2,2024-10-17 14:43:24+00:00,2024-10-17 14:43:24+00:00,2,False
@hahaha,0,,4,2024-11-07 15:25:45+00:00,2024-11-07 15:25:45+00:00,4,False
@hambrony,0,,2,2025-04-08 17:12:18+00:00,2025-04-08 17:12:18+00:00,2,False
@hana,0,,68,2022-11-03 15:42:33+00:00,2022-11-03 15:42:33+00:00,68,False
@huyenltnguyen,0,,4,2023-12-26 19:42:28+00:00,2023-12-26 19:42:28+00:00,4,False
@icecub,0,,3,2023-01-01 20:28:52+00:00,2023-01-01 20:28:52+00:00,3,False
@ilenia (they/them),0,,68,2022-10-19 01:40:14+00:00,2022-10-19 01:40:14+00:00,68,False
@inalelub,0,,6,2023-12-27 19:33:47+00:00,2023-12-27 19:33:47+00:00,6,False
@jeremylt (he/they),0,,113,2023-04-01 16:40:05+00:00,2023-04-01 16:40:05+00:00,113,False
@jimjam,0,,14,2024-01-21 13:54:11+00:00,2024-01-21 13:54:11+00:00,14,False
@jluboff,0,,6,2022-09-14 16:17:54+00:00,2022-09-14 16:17:54+00:00,6,False
@johnny  the fifth,0,,17,2023-03-07 18:47:53+00:00,2023-03-07 18:47:53+00:00,17,False
@jun,0,,3,2024-01-05 16:25:11+00:00,2024-01-05 16:25:11+00:00,3,False
@k. gizzla,0,,8,2024-09-13 19:03:26+00:00,2024-09-13 19:03:26+00:00,8,False
@k3rnlp4n1c,0,,8,2024-01-07 08:09:21+00:00,2024-01-07 08:09:21+00:00,8,False
@kC,0,,1,2025-02-18 14:39:15+00:00,2025-02-18 14:39:15+00:00,1,False
@khan,0,,6,2025-05-27 11:51:55+00:00,2025-05-27 11:51:55+00:00,6,False
@khushi baloch,0,,1,2025-05-20 14:49:45+00:00,2025-05-20 14:49:45+00:00,1,False
@knight,0,,2,2023-11-15 10:50:33+00:00,2023-11-15 10:50:33+00:00,2,False
@knightofchapra,0,,1,2024-09-27 06:02:57+00:00,2024-09-27 06:02:57+00:00,1,False
@laurentaylor2433,0,,2,2023-01-31 02:25:52+00:00,2023-01-31 02:25:52+00:00,2,False
@leNatto,0,,1,2024-01-07 23:04:46+00:00,2024-01-07 23:04:46+00:00,1,False
@legorat,0,,4,2025-05-29 16:11:09+00:00,2025-05-29 16:11:09+00:00,4,False
@liam.gower,0,,7,2024-05-04 20:56:44+00:00,2024-05-04 20:56:44+00:00,7,False
@localhost,0,,69,2024-01-23 13:11:46+00:00,2024-01-23 13:11:46+00:00,69,False
@lokimoya,0,,10,2024-08-08 13:00:13+00:00,2024-08-08 13:00:13+00:00,10,False
@mace,0,,1,2023-01-24 17:15:43+00:00,2023-01-24 17:15:43+00:00,1,False
@manuel,0,,3,2024-02-27 12:07:27+00:00,2024-02-27 12:07:27+00:00,3,False
@mathangig.,0,,1,2024-04-03 18:06:31+00:00,2024-04-03 18:06:31+00:00,1,False
@maxen,0,,2,2024-03-11 08:04:05+00:00,2024-03-11 08:04:05+00:00,2,False
@mevcotir,0,,1,2023-02-07 06:52:53+00:00,2023-02-07 06:52:53+00:00,1,False
@mfaathirarsa,0,,4,2024-10-04 10:23:10+00:00,2024-10-04 10:23:10+00:00,4,False
@mikev,0,,2,2023-03-16 23:46:26+00:00,2023-03-16 23:46:26+00:00,2,False
@monz,0,,4,2023-08-21 20:33:18+00:00,2023-08-21 20:33:18+00:00,4,False
@mr-kumar,0,,1,2024-04-14 17:27:14+00:00,2024-04-14 17:27:14+00:00,1,False
@mvetom,0,,1,2023-12-26 00:32:27+00:00,2023-12-26 00:32:27+00:00,1,False
@n4pZ,0,,1,2024-09-15 10:16:15+00:00,2024-09-15 10:16:15+00:00,1,False
@nIghT,0,,4,2023-01-20 14:39:20+00:00,2023-01-20 14:39:20+00:00,4,False
@nikameush,0,,1,2022-12-31 07:44:03+00:00,2022-12-31 07:44:03+00:00,1,False
@no,0,,4,2023-03-30 15:02:36+00:00,2023-03-30 15:02:36+00:00,4,False
@pirgoldenflab,0,,8,2024-03-05 18:19:00+00:00,2024-03-05 18:19:00+00:00,8,False
@plamoni,0,,184,2022-12-15 05:37:48+00:00,2022-12-15 05:37:48+00:00,184,False
@popo the clown ü§°,0,,1,2025-03-03 22:05:31+00:00,2025-03-03 22:05:31+00:00,1,False
@pragmaticM678,0,,10,2024-02-21 12:32:20+00:00,2024-02-21 12:32:20+00:00,10,False
@prolefeed_me,0,,1,2023-10-13 06:01:44+00:00,2023-10-13 06:01:44+00:00,1,False
@punitdave,0,,6,2025-05-01 16:13:47+00:00,2025-05-01 16:13:47+00:00,6,False
@raFFe,0,,2,2023-02-04 17:59:57+00:00,2023-02-04 17:59:57+00:00,2,False
@rapraider,0,,1,2024-05-04 22:17:18+00:00,2024-05-04 22:17:18+00:00,1,False
@reel0green,0,,2,2023-03-06 13:35:10+00:00,2023-03-06 13:35:10+00:00,2,False
@rhlzd_,0,,2,2023-05-05 13:50:31+00:00,2023-05-05 13:50:31+00:00,2,False
@rippledwater,0,,2,2023-09-15 02:14:59+00:00,2023-09-15 02:14:59+00:00,2,False
@rishbish,0,,1,2023-11-16 16:52:28+00:00,2023-11-16 16:52:28+00:00,1,False
@rivers07_,0,,1,2024-12-20 13:53:15+00:00,2024-12-20 13:53:15+00:00,1,False
@rlax,0,,1,2023-05-01 18:59:51+00:00,2023-05-01 18:59:51+00:00,1,False
@rmnpch,0,,5,2023-04-27 13:59:11+00:00,2023-04-27 13:59:11+00:00,5,False
@rustamdocstranslator,0,,1,2023-02-08 12:27:35+00:00,2023-02-08 12:27:35+00:00,1,False
@sazk,0,,10,2023-05-16 09:27:19+00:00,2023-05-16 09:27:19+00:00,10,False
@scanteo,0,,1,2025-01-09 20:40:56+00:00,2025-01-09 20:40:56+00:00,1,False
@secondarymonitor (Amin),0,,2,2023-02-05 21:43:22+00:00,2023-02-05 21:43:22+00:00,2,False
@shanky,0,,2,2023-12-02 15:51:27+00:00,2023-12-02 15:51:27+00:00,2,False
@shiju,0,,1,2025-05-20 16:03:58+00:00,2025-05-20 16:03:58+00:00,1,False
@shoeler,0,,1,2024-02-18 18:20:39+00:00,2024-02-18 18:20:39+00:00,1,False
@sojourner318,0,,5,2024-09-17 14:30:19+00:00,2024-09-17 14:30:19+00:00,5,False
@starasaurus,0,,12,2023-07-22 16:37:42+00:00,2023-07-22 16:37:42+00:00,12,False
@tgrtim,0,,17,2023-08-29 05:33:44+00:00,2023-08-29 05:33:44+00:00,17,False
@theSeek3r,0,,2,2023-03-08 22:35:55+00:00,2023-03-08 22:35:55+00:00,2,False
@theunseen,0,,6,2023-01-15 13:35:40+00:00,2023-01-15 13:35:40+00:00,6,False
@thornyroses,0,,2,2022-11-30 15:39:05+00:00,2022-11-30 15:39:05+00:00,2,False
@timo,0,,2,2023-01-20 19:19:26+00:00,2023-01-20 19:19:26+00:00,2,False
@tobyPlaysTheUke,0,,4,2023-02-05 21:25:51+00:00,2023-02-05 21:25:51+00:00,4,False
@trickthevick,0,,1,2023-01-30 13:28:00+00:00,2023-01-30 13:28:00+00:00,1,False
@unicorn,0,,1,2023-04-04 17:55:30+00:00,2023-04-04 17:55:30+00:00,1,False
@weemarb,0,,1,2025-03-24 01:44:53+00:00,2025-03-24 01:44:53+00:00,1,False
@xoxo,0,,12,2024-08-07 13:47:25+00:00,2024-08-07 13:47:25+00:00,12,False
@zohra64,0,,1,2023-01-02 18:37:31+00:00,2023-01-02 18:37:31+00:00,1,False
@~/ Cultured Man,0,,1,2024-03-04 19:49:28+00:00,2024-03-04 19:49:28+00:00,1,False
@œâŒπŒ∑—Ç—î—è—ïŒπ—ï—ÇŒ±,0,,1,2024-03-28 16:11:29+00:00,2024-03-28 16:11:29+00:00,1,False
@ﬁ™bﬁ∞uﬁßlﬁßhﬁ∞aﬁ∞a,0,,22,2024-03-27 12:30:30+00:00,2024-03-27 12:30:30+00:00,22,False
@·ó©·í™·ì∞_,0,,1,2024-08-12 22:56:01+00:00,2024-08-12 22:56:01+00:00,1,False
@·≤º,0,,6,2025-01-14 15:46:36+00:00,2025-01-14 15:46:36+00:00,6,False
@‚ô† ‚Ñ§ùïñùïóùï¶ùïùùïö ‚ô•,0,,3,2024-01-14 20:22:51+00:00,2024-01-14 20:22:51+00:00,3,False
@„Äò„Ç¢„Ç∫ÂõΩ„Äô„Ç¢„Ç≠„É©,0,,4,2023-04-10 13:31:42+00:00,2023-04-10 13:31:42+00:00,4,False
@„Ç¢„Çπ„É©,0,,12,2023-01-19 16:51:54+00:00,2023-01-19 16:51:54+00:00,12,False
@ùêµùëíùìÅùìÅùí∂ ùìàùíæùëîùìÉùëúùìáùí∂,0,,2,2024-05-08 01:30:41+00:00,2024-05-08 01:30:41+00:00,2,False
@ùîóùîûùî©ùî¶ùî°ùîûùîëùî¶,0,,5,2024-10-16 09:12:21+00:00,2024-10-16 09:12:21+00:00,5,False
@üê∞emilieüß¨,0,,1,2024-08-22 02:56:02+00:00,2024-08-22 02:56:02+00:00,1,False
@üíÄ ü…® Ñ…õ …®÷Ü ’°÷Ö Ä÷Ü…õüíÄ,0,,4,2022-09-16 15:10:46+00:00,2022-09-16 15:10:46+00:00,4,False
@ü©∏Kyrosü©∏,0,,2,2025-01-19 18:00:18+00:00,2025-01-19 18:00:18+00:00,2,False
ABD,1,2023-11-16 09:30:12+00:00,2,2023-11-16 09:31:34+00:00,2023-11-16 09:30:12+00:00,3,False
AI TakudzwaüåêüîÜ,1,2024-02-28 20:59:55+00:00,0,,2024-02-28 20:59:55+00:00,1,False
AJ Goh,2,2023-07-18 11:36:21+00:00,4,2023-07-18 11:36:24+00:00,2023-07-18 11:36:21+00:00,6,False
AYEREID,1,2024-02-08 03:39:27+00:00,6,2024-02-08 04:04:32+00:00,2024-02-08 03:39:27+00:00,7,False
Aaqib Javaid,1,2024-03-12 12:49:04+00:00,5,2024-03-15 14:52:07+00:00,2024-03-12 12:49:04+00:00,6,False
AbdullahSmithJonesMuhammed,2,2023-04-20 17:59:19+00:00,0,,2023-04-20 17:59:19+00:00,2,False
Abigail,2,2023-10-18 13:56:02+00:00,2,2023-10-18 18:16:33+00:00,2023-10-18 13:56:02+00:00,4,False
Absolute,1,2023-03-04 23:09:45+00:00,0,,2023-03-04 23:09:45+00:00,1,False
Adem,1,2024-10-29 20:14:20+00:00,0,,2024-10-29 20:14:20+00:00,1,False
Aditya,1,2024-05-02 04:15:00+00:00,1,2024-05-02 06:50:00+00:00,2024-05-02 04:15:00+00:00,2,False
Aditya Bisht | Dev,1,2022-11-13 18:36:41+00:00,0,,2022-11-13 18:36:41+00:00,1,False
Aditya Kirad,11,2022-10-16 05:01:10+00:00,1,2022-10-16 05:03:38+00:00,2022-10-16 05:01:10+00:00,12,False
AfsarHussain|India,1,2025-01-20 02:26:42+00:00,1,2025-01-21 16:58:57+00:00,2025-01-20 02:26:42+00:00,2,False
Ainste,1,2023-04-30 15:27:25+00:00,2,2023-04-30 15:27:48+00:00,2023-04-30 15:27:25+00:00,3,False
Aissa,0,,12,2023-12-15 22:42:31+00:00,2023-12-15 22:42:31+00:00,12,False
Akansha üå∏,1,2024-01-12 18:07:04+00:00,7,2024-01-12 18:08:45+00:00,2024-01-12 18:07:04+00:00,8,False
Akhlaq Mehar,1,2024-07-26 07:52:36+00:00,0,,2024-07-26 07:52:36+00:00,1,False
AkumaRift,0,,8,2024-01-24 14:03:38+00:00,2024-01-24 14:03:38+00:00,8,False
Aldhan - „Ç¢„É´„ÉÄ„Åï„Çì,1,2023-04-21 03:06:44+00:00,2,2023-04-21 03:09:14+00:00,2023-04-21 03:06:44+00:00,3,False
AlexEveryGuy,1,2024-08-31 06:47:16+00:00,3,2024-08-31 14:41:56+00:00,2024-08-31 06:47:16+00:00,4,False
Alexander Alzate,0,,3,2024-01-22 10:13:05+00:00,2024-01-22 10:13:05+00:00,3,False
Alfio,1,2023-06-01 23:25:25+00:00,0,,2023-06-01 23:25:25+00:00,1,False
Alfredo,2,2024-05-12 17:29:55+00:00,2,2024-05-12 18:18:28+00:00,2024-05-12 17:29:55+00:00,4,False
Alone,4,2024-12-29 12:05:11+00:00,5,2024-12-29 18:18:31+00:00,2024-12-29 12:05:11+00:00,9,False
Alpox,0,,41,2022-12-13 09:38:44+00:00,2022-12-13 09:38:44+00:00,41,False
Alucard Belmont,4,2023-01-08 18:30:37+00:00,23,2023-01-08 18:39:10+00:00,2023-01-08 18:30:37+00:00,27,False
Amal Jarelafia,0,,2,2022-09-26 06:51:08+00:00,2022-09-26 06:51:08+00:00,2,False
Amaris,2,2022-11-06 16:55:32+00:00,0,,2022-11-06 16:55:32+00:00,2,False
Amo,1,2023-09-14 17:48:27+00:00,0,,2023-09-14 17:48:27+00:00,1,False
Anakin Skywalker,0,,1,2022-12-08 20:51:15+00:00,2022-12-08 20:51:15+00:00,1,False
Andr√©,1,2024-01-09 20:06:54+00:00,7,2024-01-09 20:08:09+00:00,2024-01-09 20:06:54+00:00,8,False
Ankit Rastogi,1,2024-01-16 05:33:53+00:00,2,2024-01-16 05:34:10+00:00,2024-01-16 05:33:53+00:00,3,False
Annup,0,,9,2023-07-22 19:01:12+00:00,2023-07-22 19:01:12+00:00,9,False
Anurag Gupta,1,2024-01-20 13:54:07+00:00,0,,2024-01-20 13:54:07+00:00,1,False
Anwita,1,2024-07-11 16:18:05+00:00,0,,2024-07-11 16:18:05+00:00,1,False
Ar _Prafful_,0,,2,2024-01-23 16:05:07+00:00,2024-01-23 16:05:07+00:00,2,False
ArielLeslie,0,,2,2022-11-09 16:56:44+00:00,2022-11-09 16:56:44+00:00,2,False
Artxluu(class 15),1,2024-02-16 23:14:01+00:00,1,2024-02-21 03:10:13+00:00,2024-02-16 23:14:01+00:00,2,False
Ashok Baldaniya,0,,1,2023-09-08 06:47:49+00:00,2023-09-08 06:47:49+00:00,1,False
Asje2005#55,4,2024-09-20 14:19:21+00:00,26,2023-08-24 16:09:49+00:00,2023-08-24 16:09:49+00:00,30,False
Average_Joe,3,2024-04-15 03:39:32+00:00,22,2024-04-15 03:48:02+00:00,2024-04-15 03:39:32+00:00,25,False
Aytac,3,2024-04-30 17:50:58+00:00,6,2024-04-30 22:38:59+00:00,2024-04-30 17:50:58+00:00,9,False
Ayush Goyal,1,2024-08-12 07:52:45+00:00,0,,2024-08-12 07:52:45+00:00,1,False
AzamKhan,1,2023-05-28 15:14:30+00:00,2,2023-05-28 15:14:39+00:00,2023-05-28 15:14:30+00:00,3,False
B,0,,1,2024-07-27 13:43:15+00:00,2024-07-27 13:43:15+00:00,1,False
B-Rat,1,2023-02-14 13:51:41+00:00,3,2023-02-14 13:53:04+00:00,2023-02-14 13:51:41+00:00,4,False
Basharath,0,,4,2022-11-09 13:51:56+00:00,2022-11-09 13:51:56+00:00,4,False
Be Claire,1,2023-10-12 05:20:44+00:00,0,,2023-10-12 05:20:44+00:00,1,False
Benedict Baah,2,2022-11-05 17:31:13+00:00,2,2022-11-10 10:34:40+00:00,2022-11-05 17:31:13+00:00,4,False
Bibarta K. Sarkar,1,2024-03-30 12:50:55+00:00,2,2024-03-30 16:01:52+00:00,2024-03-30 12:50:55+00:00,3,False
Bilalexander 'The Great',1,2023-01-09 18:40:17+00:00,1,2023-01-11 11:12:05+00:00,2023-01-09 18:40:17+00:00,2,False
Biruk,0,,1,2024-05-22 03:59:38+00:00,2024-05-22 03:59:38+00:00,1,False
Blackmask.frances,0,,1,2025-03-31 12:31:34+00:00,2025-03-31 12:31:34+00:00,1,False
Blake_xiaohui,3,2025-03-10 02:50:33+00:00,8,2025-03-10 02:59:08+00:00,2025-03-10 02:50:33+00:00,11,False
Blu,1,2024-04-18 18:05:11+00:00,9,2024-04-18 18:22:40+00:00,2024-04-18 18:05:11+00:00,10,False
Blush2.0,4,2024-05-06 19:00:57+00:00,4,2024-05-06 19:51:35+00:00,2024-05-06 19:00:57+00:00,8,False
BobbieMcDylan,1,2023-08-20 22:29:34+00:00,0,,2023-08-20 22:29:34+00:00,1,False
Bourinio,2,2023-11-06 08:35:10+00:00,0,,2023-11-06 08:35:10+00:00,2,False
Brady,5,2022-12-14 22:21:58+00:00,3,2023-04-16 17:32:07+00:00,2022-12-14 22:21:58+00:00,8,False
Brian,1,2023-08-27 01:48:05+00:00,0,,2023-08-27 01:48:05+00:00,1,False
BrianDevCode,1,2022-09-21 21:03:26+00:00,7,2022-09-21 21:03:51+00:00,2022-09-21 21:03:26+00:00,8,False
Bubble Goose,2,2023-07-18 15:33:00+00:00,4,2023-07-18 15:33:11+00:00,2023-07-18 15:33:00+00:00,6,False
Bummsmade,2,2024-05-02 06:55:09+00:00,8,2024-05-02 07:19:34+00:00,2024-05-02 06:55:09+00:00,10,False
Caius,0,,1,2024-01-02 10:55:10+00:00,2024-01-02 10:55:10+00:00,1,False
CamperChan,44,2023-01-11 16:55:59+00:00,41,2022-09-16 15:37:38+00:00,2022-09-16 15:37:38+00:00,85,False
CapslockHero,0,,17,2024-04-20 21:01:35+00:00,2024-04-20 21:01:35+00:00,17,False
Carllockett3,1,2024-10-07 01:34:02+00:00,1,2024-10-07 13:27:58+00:00,2024-10-07 01:34:02+00:00,2,False
Carlos,0,,2,2024-11-21 02:07:25+00:00,2024-11-21 02:07:25+00:00,2,False
Carson,1,2023-05-19 19:28:09+00:00,0,,2023-05-19 19:28:09+00:00,1,False
Chanchan Man,0,,2,2023-02-02 07:21:36+00:00,2023-02-02 07:21:36+00:00,2,False
Chanzy,1,2024-12-24 13:40:14+00:00,3,2024-12-24 13:42:25+00:00,2024-12-24 13:40:14+00:00,4,False
Charlieeee,2,2024-07-11 00:47:00+00:00,12,2024-07-11 00:10:27+00:00,2024-07-11 00:10:27+00:00,14,False
Chidera Humphrey,0,,1,2024-06-25 20:27:55+00:00,2024-06-25 20:27:55+00:00,1,False
Chippendale,2,2024-11-12 07:12:29+00:00,16,2024-11-11 03:29:15+00:00,2024-11-11 03:29:15+00:00,18,False
Chirag,1,2023-11-29 12:15:11+00:00,0,,2023-11-29 12:15:11+00:00,1,False
Choo‚ôöùïÇùïöùïüùïò,0,,12,2023-08-30 17:04:49+00:00,2023-08-30 17:04:49+00:00,12,False
Chris,0,,2,2023-12-27 01:54:38+00:00,2023-12-27 01:54:38+00:00,2,False
Chrisred83,2,2023-08-30 19:56:43+00:00,5,2023-08-30 19:57:01+00:00,2023-08-30 19:56:43+00:00,7,False
Christopher White,3,2025-05-10 00:28:20+00:00,0,,2025-05-10 00:28:20+00:00,3,False
CitizenOfAsgard,2,2022-11-16 20:05:00+00:00,8,2022-11-17 17:09:21+00:00,2022-11-16 20:05:00+00:00,10,False
CodeRxJesseJ,1,2022-10-03 19:34:18+00:00,3,2022-10-03 19:34:40+00:00,2022-10-03 19:34:18+00:00,4,False
CodingPanda,3,2024-11-05 01:27:43+00:00,2,2024-11-05 03:54:27+00:00,2024-11-05 01:27:43+00:00,5,False
Colo,0,,3,2024-01-08 20:54:56+00:00,2024-01-08 20:54:56+00:00,3,False
ConstantLynx,2,2024-09-23 06:26:53+00:00,0,,2024-09-23 06:26:53+00:00,2,False
CurryFury,3,2023-10-01 16:34:47+00:00,20,2023-10-01 17:31:36+00:00,2023-10-01 16:34:47+00:00,23,False
Cyber_sifg,2,2024-04-20 20:23:08+00:00,4,2024-04-20 21:01:27+00:00,2024-04-20 20:23:08+00:00,6,False
Czarindafreeza#069,3,2023-01-16 18:46:29+00:00,1,2023-01-23 22:41:22+00:00,2023-01-16 18:46:29+00:00,4,False
DASHER,0,,9,2024-07-30 11:44:51+00:00,2024-07-30 11:44:51+00:00,9,False
DDD,1,2023-04-03 14:13:28+00:00,1,2023-04-03 14:17:13+00:00,2023-04-03 14:13:28+00:00,2,False
DHARMESH,3,2022-12-04 06:38:03+00:00,0,,2022-12-04 06:38:03+00:00,3,False
DN Josh,3,2024-02-20 00:38:30+00:00,0,,2024-02-20 00:38:30+00:00,3,False
Dafoe,1,2023-09-09 20:46:27+00:00,0,,2023-09-09 20:46:27+00:00,1,False
Daksh Singh Rathore,2,2023-06-17 15:45:01+00:00,4,2023-06-17 16:42:20+00:00,2023-06-17 15:45:01+00:00,6,False
DamiRae,3,2023-10-08 13:45:21+00:00,4,2023-10-08 14:14:24+00:00,2023-10-08 13:45:21+00:00,7,False
Daniel,7,2023-02-04 12:38:25+00:00,43,2023-02-04 12:38:27+00:00,2023-02-04 12:38:25+00:00,50,False
Danny,3,2024-12-18 13:43:57+00:00,9,2024-12-18 13:49:22+00:00,2024-12-18 13:43:57+00:00,12,False
DannyB1611,4,2025-01-18 21:39:04+00:00,23,2025-01-18 21:39:25+00:00,2025-01-18 21:39:04+00:00,27,False
DarkKnight1882,1,2025-03-12 11:36:38+00:00,3,2025-03-13 14:06:29+00:00,2025-03-12 11:36:38+00:00,4,False
Dar√≠o Valenzuela,0,,1,2022-12-08 23:06:35+00:00,2022-12-08 23:06:35+00:00,1,False
Dasta[coding ? online : offline],2,2023-08-23 12:05:30+00:00,1,2023-08-24 07:19:01+00:00,2023-08-23 12:05:30+00:00,3,False
Datadryft,1,2023-06-04 16:13:08+00:00,0,,2023-06-04 16:13:08+00:00,1,False
Davidew3,0,,1,2024-07-13 11:38:40+00:00,2024-07-13 11:38:40+00:00,1,False
DawitGizachew,1,2023-07-05 18:38:13+00:00,4,2023-07-05 19:26:14+00:00,2023-07-05 18:38:13+00:00,5,False
Dazzle,4,2023-02-03 10:37:50+00:00,3,2023-02-03 11:23:54+00:00,2023-02-03 10:37:50+00:00,7,False
Dee,0,,6,2023-07-09 14:53:54+00:00,2023-07-09 14:53:54+00:00,6,False
Dekri,0,,6,2024-12-11 19:46:36+00:00,2024-12-11 19:46:36+00:00,6,False
Deleted User,30,2022-11-21 00:03:17+00:00,54,2022-10-12 05:06:39+00:00,2022-10-12 05:06:39+00:00,84,False
Dev,1,2024-05-11 11:24:13+00:00,0,,2024-05-11 11:24:13+00:00,1,False
Dev-Niraj,0,,1,2023-02-23 04:43:26+00:00,2023-02-23 04:43:26+00:00,1,False
Dhiras,0,,2,2023-11-22 12:02:12+00:00,2023-11-22 12:02:12+00:00,2,False
Dimanche,1,2023-09-13 13:15:55+00:00,3,2023-09-13 13:34:02+00:00,2023-09-13 13:15:55+00:00,4,False
Dionysos,3,2023-03-07 18:29:23+00:00,0,,2023-03-07 18:29:23+00:00,3,False
Divya075,0,,3,2023-07-28 10:47:05+00:00,2023-07-28 10:47:05+00:00,3,False
DoggyTrader,1,2024-01-25 16:07:19+00:00,12,2024-01-25 16:47:13+00:00,2024-01-25 16:07:19+00:00,13,False
Dorara,1,2023-04-01 14:43:38+00:00,8,2023-04-01 15:54:53+00:00,2023-04-01 14:43:38+00:00,9,False
Dotty,0,,16,2023-10-18 18:09:01+00:00,2023-10-18 18:09:01+00:00,16,False
DreamWalker,34,2024-10-13 00:44:47+00:00,244,2024-10-13 00:45:20+00:00,2024-10-13 00:44:47+00:00,278,False
Dreamonly,0,,1,2023-02-21 20:37:39+00:00,2023-02-21 20:37:39+00:00,1,False
Drew90,1,2024-03-04 15:00:39+00:00,1,2024-03-04 15:03:55+00:00,2024-03-04 15:00:39+00:00,2,False
Drujehong,4,2022-12-15 04:36:41+00:00,42,2022-12-15 04:37:19+00:00,2022-12-15 04:36:41+00:00,46,False
Dtrizzle,1,2024-12-25 06:50:43+00:00,2,2024-12-26 17:27:32+00:00,2024-12-25 06:50:43+00:00,3,False
Duck1212,1,2023-02-17 01:03:30+00:00,0,,2023-02-17 01:03:30+00:00,1,False
Ella,0,,1,2024-11-14 05:01:10+00:00,2024-11-14 05:01:10+00:00,1,False
Elmiko,5,2023-06-10 14:41:28+00:00,2,2023-05-14 08:16:13+00:00,2023-05-14 08:16:13+00:00,7,False
Emile,0,,2,2024-10-09 07:42:16+00:00,2024-10-09 07:42:16+00:00,2,False
Emma,0,,4,2024-03-04 00:58:24+00:00,2024-03-04 00:58:24+00:00,4,False
Erhan,1,2023-12-24 10:35:17+00:00,2,2023-12-24 10:44:09+00:00,2023-12-24 10:35:17+00:00,3,False
Eric-NL,2,2024-01-12 14:42:10+00:00,2,2024-01-12 15:40:11+00:00,2024-01-12 14:42:10+00:00,4,False
Esau erecto,0,,1,2025-05-23 17:21:09+00:00,2025-05-23 17:21:09+00:00,1,False
Ethan Marnewick,0,,1,2023-01-29 09:29:43+00:00,2023-01-29 09:29:43+00:00,1,False
FLUBBERJUICE,1,2024-06-06 01:19:06+00:00,2,2024-06-06 01:20:38+00:00,2024-06-06 01:19:06+00:00,3,False
FPS_Scott,2,2022-09-17 21:15:17+00:00,16,2022-09-17 21:23:29+00:00,2022-09-17 21:15:17+00:00,18,False
Filmmaker | Coder | Investor,0,,8,2023-01-28 12:43:08+00:00,2023-01-28 12:43:08+00:00,8,False
FiredragonPlayz,1,2025-03-31 07:29:38+00:00,7,2025-03-31 09:16:41+00:00,2025-03-31 07:29:38+00:00,8,False
ForzaFERR‚ñ≤RI,3,2023-04-30 04:34:47+00:00,12,2023-04-30 04:35:44+00:00,2023-04-30 04:34:47+00:00,15,False
Frosttbyte,2,2024-07-31 19:41:44+00:00,0,,2024-07-31 19:41:44+00:00,2,False
GOLFBALLLL,1,2023-11-11 01:28:03+00:00,3,2023-11-11 01:47:20+00:00,2023-11-11 01:28:03+00:00,4,False
Gabriel R.,1,2025-01-08 04:47:36+00:00,4,2025-01-12 10:57:53+00:00,2025-01-08 04:47:36+00:00,5,False
Gallowtine,1,2024-05-27 08:42:24+00:00,0,,2024-05-27 08:42:24+00:00,1,False
Geeky,1,2023-03-15 19:59:52+00:00,0,,2023-03-15 19:59:52+00:00,1,False
GeorgeGFX,1,2023-07-10 08:25:36+00:00,0,,2023-07-10 08:25:36+00:00,1,False
GiggleRectum,1,2024-12-25 04:07:10+00:00,0,,2024-12-25 04:07:10+00:00,1,False
Glaucia,0,,3,2022-10-21 09:17:01+00:00,2022-10-21 09:17:01+00:00,3,False
Glidewalker,2,2023-12-04 06:51:05+00:00,0,,2023-12-04 06:51:05+00:00,2,False
Gloucoma91Flocc,2,2025-04-27 22:45:39+00:00,0,,2025-04-27 22:45:39+00:00,2,False
GreekTok,0,,6,2022-12-21 05:33:32+00:00,2022-12-21 05:33:32+00:00,6,False
Gudako,2,2023-08-28 14:44:02+00:00,25,2023-08-28 14:58:09+00:00,2023-08-28 14:44:02+00:00,27,False
Guga Cavalieri,0,,17,2024-07-10 15:50:54+00:00,2024-07-10 15:50:54+00:00,17,False
Gwoz,1,2024-02-08 02:51:06+00:00,3,2024-02-08 03:39:31+00:00,2024-02-08 02:51:06+00:00,4,False
HOlllOW,1,2023-02-22 15:22:18+00:00,2,2023-02-22 15:23:04+00:00,2023-02-22 15:22:18+00:00,3,False
Hacker4world,1,2024-06-02 20:04:45+00:00,13,2024-06-02 22:27:11+00:00,2024-06-02 20:04:45+00:00,14,False
Hadi H.,1,2024-06-02 20:11:37+00:00,2,2024-06-02 22:02:05+00:00,2024-06-02 20:11:37+00:00,3,False
Hannes@Kasel,0,,1,2025-05-04 07:20:44+00:00,2025-05-04 07:20:44+00:00,1,False
Harsh.2309,1,2023-11-22 05:39:10+00:00,0,,2023-11-22 05:39:10+00:00,1,False
Harshal Patil,0,,2,2023-11-19 20:27:43+00:00,2023-11-19 20:27:43+00:00,2,False
Hatty,1,2024-12-13 01:08:36+00:00,7,2024-12-13 01:18:34+00:00,2024-12-13 01:08:36+00:00,8,False
Hazza,3,2023-03-14 15:47:04+00:00,3,2023-03-16 21:36:58+00:00,2023-03-14 15:47:04+00:00,6,False
HeavyFalcon678,0,,4,2025-03-21 02:44:24+00:00,2025-03-21 02:44:24+00:00,4,False
HelloKittyAlien,1,2022-10-18 22:25:30+00:00,4,2022-10-18 22:26:49+00:00,2022-10-18 22:25:30+00:00,5,False
HemanthTG,2,2025-03-20 16:46:21+00:00,8,2025-03-20 16:51:28+00:00,2025-03-20 16:46:21+00:00,10,False
HizbullahM,2,2023-12-19 16:55:08+00:00,1,2023-12-19 16:56:28+00:00,2023-12-19 16:55:08+00:00,3,False
Horrificdps,1,2025-05-03 18:53:13+00:00,0,,2025-05-03 18:53:13+00:00,1,False
HrithikWins,0,,6,2025-01-15 18:09:42+00:00,2025-01-15 18:09:42+00:00,6,False
I M Ghareeb,1,2024-01-10 16:29:27+00:00,10,2024-01-10 18:08:12+00:00,2024-01-10 16:29:27+00:00,11,False
Icarus,2,2025-03-27 10:37:05+00:00,28,2025-03-27 10:37:30+00:00,2025-03-27 10:37:05+00:00,30,False
Ikechukwu Ihemegbulem,0,,1,2024-03-05 09:36:26+00:00,2024-03-05 09:36:26+00:00,1,False
InfiniteLoopLiam,2,2024-09-07 10:30:06+00:00,0,,2024-09-07 10:30:06+00:00,2,False
Ipsum,1,2023-04-10 03:37:23+00:00,0,,2023-04-10 03:37:23+00:00,1,False
IronFlash,1,2023-07-01 22:19:15+00:00,1,2023-07-01 22:20:34+00:00,2023-07-01 22:19:15+00:00,2,False
It'sIsolK,2,2024-10-04 14:06:00+00:00,0,,2024-10-04 14:06:00+00:00,2,False
IvanGarcia,2,2023-12-16 17:11:27+00:00,0,,2023-12-16 17:11:27+00:00,2,False
JKore,0,,4,2023-05-29 21:54:30+00:00,2023-05-29 21:54:30+00:00,4,False
JStrummer,0,,5,2023-02-04 17:20:31+00:00,2023-02-04 17:20:31+00:00,5,False
Jade Freel,0,,1,2023-05-30 08:14:58+00:00,2023-05-30 08:14:58+00:00,1,False
Janna,0,,1,2023-07-03 02:44:47+00:00,2023-07-03 02:44:47+00:00,1,False
Jared_King,1,2025-04-27 11:31:03+00:00,3,2025-04-27 13:54:14+00:00,2025-04-27 11:31:03+00:00,4,False
Jawad,1,2023-11-13 06:55:28+00:00,3,2023-11-13 06:56:04+00:00,2023-11-13 06:55:28+00:00,4,False
JazzaFrazz,0,,3,2023-06-06 15:48:44+00:00,2023-06-06 15:48:44+00:00,3,False
Jazzy,1,2023-06-23 17:23:41+00:00,0,,2023-06-23 17:23:41+00:00,1,False
Jean-Baptiste,0,,2,2023-12-04 08:39:30+00:00,2023-12-04 08:39:30+00:00,2,False
Jed,0,,1,2023-04-09 16:47:34+00:00,2023-04-09 16:47:34+00:00,1,False
Jen Schultz (GMT -5),2,2024-02-21 00:58:28+00:00,11,2024-02-21 01:17:44+00:00,2024-02-21 00:58:28+00:00,13,False
Jessica Wilkins,0,,2,2024-05-12 17:56:02+00:00,2024-05-12 17:56:02+00:00,2,False
Jill,0,,2,2024-10-20 11:17:43+00:00,2024-10-20 11:17:43+00:00,2,False
Jim,0,,1,2024-02-04 07:05:56+00:00,2024-02-04 07:05:56+00:00,1,False
Jinwoo,0,,1,2023-05-10 15:20:15+00:00,2023-05-10 15:20:15+00:00,1,False
Jishing,3,2023-11-07 11:59:35+00:00,12,2023-11-07 14:33:38+00:00,2023-11-07 11:59:35+00:00,15,False
Joe Joe,3,2023-05-28 13:41:26+00:00,0,,2023-05-28 13:41:26+00:00,3,False
Joel Griffith,2,2024-06-01 08:40:00+00:00,0,,2024-06-01 08:40:00+00:00,2,False
Jonas15zwei9,1,2025-03-19 09:17:40+00:00,0,,2025-03-19 09:17:40+00:00,1,False
Jonathan Akinwale,0,,2,2024-04-29 16:29:04+00:00,2024-04-29 16:29:04+00:00,2,False
Juan Luis,1,2024-08-19 15:07:01+00:00,3,2024-08-19 20:01:45+00:00,2024-08-19 15:07:01+00:00,4,False
Juan(K1D_AC3_21),0,,2,2023-12-25 06:58:09+00:00,2023-12-25 06:58:09+00:00,2,False
Juhayer Al Tausif,0,,4,2023-08-28 09:34:04+00:00,2023-08-28 09:34:04+00:00,4,False
Jules (salentipy),2,2024-07-10 14:07:42+00:00,4,2024-07-10 16:11:44+00:00,2024-07-10 14:07:42+00:00,6,False
Juzar Antri,1,2023-04-06 09:31:39+00:00,0,,2023-04-06 09:31:39+00:00,1,False
J√©r√©mie,1,2025-05-23 21:31:35+00:00,12,2025-05-23 21:31:51+00:00,2025-05-23 21:31:35+00:00,13,False
KAWPHUNMAN,3,2025-03-11 04:36:23+00:00,13,2025-03-11 04:40:06+00:00,2025-03-11 04:36:23+00:00,16,False
Kai,6,2023-10-21 14:01:39+00:00,9,2023-10-23 07:48:29+00:00,2023-10-21 14:01:39+00:00,15,False
Kay,0,,3,2023-09-25 22:43:18+00:00,2023-09-25 22:43:18+00:00,3,False
Kay-Lee Bai,2,2024-08-09 16:38:37+00:00,0,,2024-08-09 16:38:37+00:00,2,False
Ken's Code,0,,1,2024-01-02 17:13:58+00:00,2024-01-02 17:13:58+00:00,1,False
Kilos,1,2023-06-16 21:53:12+00:00,8,2023-06-16 21:57:28+00:00,2023-06-16 21:53:12+00:00,9,False
Kliff,1,2023-01-27 18:05:18+00:00,0,,2023-01-27 18:05:18+00:00,1,False
KozmicLuis,0,,8,2023-05-16 14:10:02+00:00,2023-05-16 14:10:02+00:00,8,False
Kraval,1,2023-10-26 02:58:26+00:00,0,,2023-10-26 02:58:26+00:00,1,False
Kris,1,2024-07-12 03:17:36+00:00,0,,2024-07-12 03:17:36+00:00,1,False
Krizt Ruiz,1,2024-12-09 05:23:56+00:00,1,2024-12-09 05:27:59+00:00,2024-12-09 05:23:56+00:00,2,False
Kypac,1,2023-02-24 04:17:51+00:00,3,2023-02-24 04:18:18+00:00,2023-02-24 04:17:51+00:00,4,False
LBJ,0,,5,2023-04-02 20:09:06+00:00,2023-04-02 20:09:06+00:00,5,False
LEGEND,0,,4,2022-10-15 22:24:20+00:00,2022-10-15 22:24:20+00:00,4,False
LEGION,1,2024-05-13 15:45:33+00:00,0,,2024-05-13 15:45:33+00:00,1,False
LLC00LTAY,3,2024-01-16 21:46:05+00:00,8,2024-01-17 14:14:19+00:00,2024-01-16 21:46:05+00:00,11,False
Labh,0,,2,2023-01-19 09:07:24+00:00,2023-01-19 09:07:24+00:00,2,False
Lanie,3,2022-10-02 04:49:08+00:00,9,2022-10-02 04:50:52+00:00,2022-10-02 04:49:08+00:00,12,False
Late2Dinner,0,,21,2024-01-30 17:15:49+00:00,2024-01-30 17:15:49+00:00,21,False
Lauri,0,,2,2024-09-04 13:48:52+00:00,2024-09-04 13:48:52+00:00,2,False
Lawani Elyon John,2,2024-04-18 16:42:22+00:00,0,,2024-04-18 16:42:22+00:00,2,False
Lego-cado,0,,3,2023-04-11 10:41:49+00:00,2023-04-11 10:41:49+00:00,3,False
Les Carbonaro,0,,8,2024-06-01 13:12:19+00:00,2024-06-01 13:12:19+00:00,8,False
Leti._.what,1,2024-08-10 14:22:06+00:00,2,2024-08-10 14:31:51+00:00,2024-08-10 14:22:06+00:00,3,False
Lif28,1,2024-08-23 16:49:55+00:00,0,,2024-08-23 16:49:55+00:00,1,False
Lionbyte7,1,2024-08-14 01:04:26+00:00,0,,2024-08-14 01:04:26+00:00,1,False
LittleInksmith,1,2024-12-03 19:30:02+00:00,2,2024-12-04 17:07:30+00:00,2024-12-03 19:30:02+00:00,3,False
Logan,0,,2,2024-12-25 10:31:56+00:00,2024-12-25 10:31:56+00:00,2,False
Lokesh Jay,4,2023-01-28 12:38:12+00:00,48,2023-01-28 12:39:37+00:00,2023-01-28 12:38:12+00:00,52,False
LonelyWolf,0,,2,2023-10-01 06:36:04+00:00,2023-10-01 06:36:04+00:00,2,False
Lorena,2,2024-03-13 07:31:14+00:00,1,2024-03-15 21:42:04+00:00,2024-03-13 07:31:14+00:00,3,False
Lou ‚ú®,1,2023-05-05 13:33:44+00:00,0,,2023-05-05 13:33:44+00:00,1,False
Luca,1,2022-12-24 15:03:22+00:00,2,2022-12-26 02:20:13+00:00,2022-12-24 15:03:22+00:00,3,False
Lucas L,0,,1,2023-10-07 15:22:52+00:00,2023-10-07 15:22:52+00:00,1,False
Luis Escalante,1,2023-06-28 21:39:51+00:00,0,,2023-06-28 21:39:51+00:00,1,False
Lyall,0,,24,2022-09-14 16:14:54+00:00,2022-09-14 16:14:54+00:00,24,False
M4ST3ER3,0,,14,2022-11-17 17:18:42+00:00,2022-11-17 17:18:42+00:00,14,False
MM,0,,2,2024-12-21 06:24:06+00:00,2024-12-21 06:24:06+00:00,2,False
Maestro,0,,19,2024-01-13 12:19:56+00:00,2024-01-13 12:19:56+00:00,19,False
Makez,1,2025-05-27 19:56:08+00:00,0,,2025-05-27 19:56:08+00:00,1,False
Mando,0,,9,2023-10-22 13:03:09+00:00,2023-10-22 13:03:09+00:00,9,False
Mansour_theonly,2,2023-09-27 10:34:03+00:00,0,,2023-09-27 10:34:03+00:00,2,False
Manuel Jos√©,1,2022-09-23 14:23:57+00:00,0,,2022-09-23 14:23:57+00:00,1,False
Marshall,0,,4,2024-09-28 06:53:23+00:00,2024-09-28 06:53:23+00:00,4,False
Martin ≈†vanda,3,2024-04-18 10:53:27+00:00,3,2024-04-18 14:34:40+00:00,2024-04-18 10:53:27+00:00,6,False
Matt üë®üèºüíª,1,2024-07-04 06:25:45+00:00,0,,2024-07-04 06:25:45+00:00,1,False
Mc Samuel,0,,11,2024-01-10 18:53:22+00:00,2024-01-10 18:53:22+00:00,11,False
McClowny,1,2025-03-30 19:22:48+00:00,6,2025-03-30 19:34:19+00:00,2025-03-30 19:22:48+00:00,7,False
Mees,1,2024-03-28 18:36:14+00:00,0,,2024-03-28 18:36:14+00:00,1,False
Mia,1,2023-03-22 03:40:20+00:00,4,2023-03-22 06:48:43+00:00,2023-03-22 03:40:20+00:00,5,False
Mike,4,2025-04-03 20:23:38+00:00,11,2024-07-31 23:07:19+00:00,2024-07-31 23:07:19+00:00,15,False
MindfulTatiana,1,2024-01-07 14:50:57+00:00,0,,2024-01-07 14:50:57+00:00,1,False
Miszkas_sm,1,2025-05-24 16:23:06+00:00,13,2025-05-24 16:26:39+00:00,2025-05-24 16:23:06+00:00,14,False
Mitch,0,,2,2024-10-11 10:51:22+00:00,2024-10-11 10:51:22+00:00,2,False
Mohammed_Malleck,0,,24,2024-05-20 11:42:04+00:00,2024-05-20 11:42:04+00:00,24,False
Moki,1,2023-04-24 15:33:43+00:00,0,,2023-04-24 15:33:43+00:00,1,False
Molasses,2,2024-07-25 18:28:31+00:00,4,2024-07-25 22:18:27+00:00,2024-07-25 18:28:31+00:00,6,False
MoogleCoder,0,,2,2025-03-31 13:21:29+00:00,2025-03-31 13:21:29+00:00,2,False
Morgan,0,,2,2023-11-04 18:09:24+00:00,2023-11-04 18:09:24+00:00,2,False
MortisGuy777,1,2024-01-12 00:36:12+00:00,1,2024-01-13 00:27:54+00:00,2024-01-12 00:36:12+00:00,2,False
Mr. Limbo,2,2024-03-03 10:54:45+00:00,1,2024-06-25 15:59:43+00:00,2024-03-03 10:54:45+00:00,3,False
Muhammad Muzzamal,2,2025-04-07 19:16:33+00:00,11,2025-04-07 19:22:01+00:00,2025-04-07 19:16:33+00:00,13,False
Muhammad Zeeshan,1,2024-08-19 18:10:48+00:00,0,,2024-08-19 18:10:48+00:00,1,False
Mujab_ayo,2,2023-03-03 09:40:06+00:00,0,,2023-03-03 09:40:06+00:00,2,False
My name is Err,1,2024-09-09 20:17:19+00:00,6,2024-09-09 20:30:53+00:00,2024-09-09 20:17:19+00:00,7,False
Mythril,0,,4,2023-12-21 06:08:52+00:00,2023-12-21 06:08:52+00:00,4,False
NINJA‚öî,1,2023-08-09 23:51:09+00:00,0,,2023-08-09 23:51:09+00:00,1,False
NK_dacoder,1,2024-09-24 10:07:19+00:00,0,,2024-09-24 10:07:19+00:00,1,False
NT,4,2023-05-06 13:27:09+00:00,6,2023-05-07 12:40:24+00:00,2023-05-06 13:27:09+00:00,10,False
Naomi,4,2022-09-14 16:12:44+00:00,53,2022-09-14 16:14:35+00:00,2022-09-14 16:12:44+00:00,57,False
Nassim,1,2025-03-09 05:53:16+00:00,3,2025-03-09 05:53:23+00:00,2025-03-09 05:53:16+00:00,4,False
NatsuDragneel,1,2024-06-11 20:29:32+00:00,1,2024-06-20 13:46:25+00:00,2024-06-11 20:29:32+00:00,2,False
NeedHelp!!!!,2,2023-10-13 08:34:21+00:00,1,2023-10-13 10:17:19+00:00,2023-10-13 08:34:21+00:00,3,False
Nevin06,4,2023-05-08 18:36:41+00:00,8,2023-05-09 05:47:14+00:00,2023-05-08 18:36:41+00:00,12,False
Nicholas Bennett,0,,7,2025-05-03 01:55:06+00:00,2025-05-03 01:55:06+00:00,7,False
Nickel Firepower (Nico),1,2023-02-06 22:11:39+00:00,1,2023-02-07 02:14:20+00:00,2023-02-06 22:11:39+00:00,2,False
Nikolaj - Nick,3,2025-04-07 15:53:44+00:00,35,2025-04-07 15:56:48+00:00,2025-04-07 15:53:44+00:00,38,False
Nils,0,,1,2024-07-23 09:22:42+00:00,2024-07-23 09:22:42+00:00,1,False
NirajN,0,,3,2022-09-14 16:26:30+00:00,2022-09-14 16:26:30+00:00,3,False
Njun,0,,8,2023-11-11 14:15:31+00:00,2023-11-11 14:15:31+00:00,8,False
Nooz,1,2022-12-13 19:23:59+00:00,7,2022-12-13 19:26:09+00:00,2022-12-13 19:23:59+00:00,8,False
Noxillio,1,2022-10-06 16:57:28+00:00,4,2022-10-06 17:08:14+00:00,2022-10-06 16:57:28+00:00,5,False
Oscar Rodr√≠guez,1,2023-05-11 23:21:09+00:00,5,2022-11-29 09:13:26+00:00,2022-11-29 09:13:26+00:00,6,False
Oyasumhi,1,2024-08-21 04:40:38+00:00,1,2024-08-21 11:29:45+00:00,2024-08-21 04:40:38+00:00,2,False
Pablo Caballero,0,,4,2024-01-31 15:57:19+00:00,2024-01-31 15:57:19+00:00,4,False
PapermasteroneDC,3,2024-06-05 13:50:16+00:00,12,2024-06-05 23:51:04+00:00,2024-06-05 13:50:16+00:00,15,False
Param Dhama,0,,1,2025-04-18 19:33:18+00:00,2025-04-18 19:33:18+00:00,1,False
PenLandSaga,2,2024-11-09 10:52:23+00:00,2,2024-11-09 18:12:45+00:00,2024-11-09 10:52:23+00:00,4,False
Pers,0,,4,2025-03-16 21:33:09+00:00,2025-03-16 21:33:09+00:00,4,False
Phenyo,1,2023-09-16 10:34:34+00:00,0,,2023-09-16 10:34:34+00:00,1,False
Piku,0,,1,2025-05-06 17:36:57+00:00,2025-05-06 17:36:57+00:00,1,False
Pit,0,,2,2024-11-07 12:50:30+00:00,2024-11-07 12:50:30+00:00,2,False
PixelForge,2,2024-11-14 17:47:55+00:00,4,2024-11-14 17:49:37+00:00,2024-11-14 17:47:55+00:00,6,False
PlatonicLettuce,0,,4,2022-09-26 11:59:00+00:00,2022-09-26 11:59:00+00:00,4,False
Prakash Kandhasamy,1,2024-05-10 17:25:58+00:00,0,,2024-05-10 17:25:58+00:00,1,False
Pure,2,2023-11-22 11:36:36+00:00,26,2023-11-22 11:37:26+00:00,2023-11-22 11:36:36+00:00,28,False
Purnima,1,2024-05-21 13:54:37+00:00,1,2024-05-22 16:52:27+00:00,2024-05-21 13:54:37+00:00,2,False
R4DN4S,1,2025-01-23 14:16:50+00:00,8,2025-01-23 14:19:44+00:00,2025-01-23 14:16:50+00:00,9,False
RFC,0,,2,2024-01-29 04:19:06+00:00,2024-01-29 04:19:06+00:00,2,False
Raavanan,0,,8,2022-10-23 18:34:38+00:00,2022-10-23 18:34:38+00:00,8,False
Rain,6,2024-07-25 17:33:43+00:00,25,2024-07-25 17:42:14+00:00,2024-07-25 17:33:43+00:00,31,False
Raj,1,2025-05-18 10:54:39+00:00,1,2025-03-17 08:35:00+00:00,2025-03-17 08:35:00+00:00,2,False
Ramtzy,1,2024-04-27 08:38:55+00:00,1,2024-04-30 13:39:58+00:00,2024-04-27 08:38:55+00:00,2,False
Ran,1,2024-01-09 13:21:22+00:00,1,2024-01-09 15:17:57+00:00,2024-01-09 13:21:22+00:00,2,False
Rasheeddev,0,,1,2023-02-26 08:41:28+00:00,2023-02-26 08:41:28+00:00,1,False
RazzleFish DazzleFish,6,2024-02-27 10:27:09+00:00,330,2024-01-12 11:04:38+00:00,2024-01-12 11:04:38+00:00,336,False
Reayler,1,2024-04-07 09:13:12+00:00,4,2024-04-07 10:55:58+00:00,2024-04-07 09:13:12+00:00,5,False
Reba,1,2022-10-08 20:55:00+00:00,13,2022-10-08 21:14:15+00:00,2022-10-08 20:55:00+00:00,14,False
Reipdep,0,,8,2025-03-01 22:43:45+00:00,2025-03-01 22:43:45+00:00,8,False
Ren,4,2024-02-21 10:37:05+00:00,10,2024-02-21 10:42:24+00:00,2024-02-21 10:37:05+00:00,14,False
Retropixie,2,2024-02-01 12:44:56+00:00,4,2024-02-01 21:41:37+00:00,2024-02-01 12:44:56+00:00,6,False
RevelUp,3,2024-08-29 05:26:22+00:00,0,,2024-08-29 05:26:22+00:00,3,False
Rhombert,0,,26,2025-05-22 22:55:08+00:00,2025-05-22 22:55:08+00:00,26,False
Riley,2,2023-02-26 15:37:00+00:00,78,2023-01-29 03:09:23+00:00,2023-01-29 03:09:23+00:00,80,False
Rithvik,3,2024-04-18 06:19:26+00:00,15,2024-04-18 06:31:52+00:00,2024-04-18 06:19:26+00:00,18,False
Ritvars ‚¨£ r-staking.com,0,,5,2024-01-08 07:24:26+00:00,2024-01-08 07:24:26+00:00,5,False
Riya Dhami,2,2024-07-06 08:01:06+00:00,2,2024-07-06 16:11:57+00:00,2024-07-06 08:01:06+00:00,4,False
S0N!C,1,2024-06-02 07:25:48+00:00,1,2024-06-02 11:57:07+00:00,2024-06-02 07:25:48+00:00,2,False
ST,1,2024-01-27 19:28:09+00:00,0,,2024-01-27 19:28:09+00:00,1,False
Saburo,1,2024-01-24 10:17:55+00:00,18,2024-01-23 13:07:32+00:00,2024-01-23 13:07:32+00:00,19,False
Sachin,0,,3,2024-01-24 18:36:22+00:00,2024-01-24 18:36:22+00:00,3,False
Saint,1,2024-09-26 17:59:39+00:00,1,2024-09-26 18:17:29+00:00,2024-09-26 17:59:39+00:00,2,False
SaintPeter,2,2022-10-16 21:43:48+00:00,435,2022-09-17 21:17:21+00:00,2022-09-17 21:17:21+00:00,437,False
Sambhav,1,2024-06-24 20:04:10+00:00,1,2024-06-25 09:37:46+00:00,2024-06-24 20:04:10+00:00,2,False
Sboon,0,,4,2023-01-25 10:53:11+00:00,2023-01-25 10:53:11+00:00,4,False
Schalk,0,,2,2023-07-04 19:39:14+00:00,2023-07-04 19:39:14+00:00,2,False
Scheming Witch,2,2024-01-02 16:56:26+00:00,2,2024-01-02 17:01:24+00:00,2024-01-02 16:56:26+00:00,4,False
Scho,0,,2,2023-07-13 07:37:16+00:00,2023-07-13 07:37:16+00:00,2,False
Science,3,2025-03-12 19:51:58+00:00,23,2024-07-06 11:59:06+00:00,2024-07-06 11:59:06+00:00,26,False
Scott H,0,,1,2023-02-11 21:27:56+00:00,2023-02-11 21:27:56+00:00,1,False
Sebastian_W,0,,52,2024-09-07 13:41:19+00:00,2024-09-07 13:41:19+00:00,52,False
Sebasti√°n M,1,2024-07-29 16:27:43+00:00,12,2024-07-29 17:26:33+00:00,2024-07-29 16:27:43+00:00,13,False
Sen,3,2024-08-04 11:28:26+00:00,2,2024-10-25 11:17:54+00:00,2024-08-04 11:28:26+00:00,5,False
Serge Sunlust Solkatt,8,2023-07-08 20:04:36+00:00,19,2023-07-08 20:26:30+00:00,2023-07-08 20:04:36+00:00,27,False
Shayan,1,2023-11-30 12:06:29+00:00,1,2023-11-30 12:20:02+00:00,2023-11-30 12:06:29+00:00,2,False
Siddharth Sahoo,2,2022-09-26 06:47:04+00:00,0,,2022-09-26 06:47:04+00:00,2,False
Simic,0,,1,2024-05-21 20:14:59+00:00,2024-05-21 20:14:59+00:00,1,False
Simon,3,2025-05-25 16:22:44+00:00,0,,2025-05-25 16:22:44+00:00,3,False
Slack,2,2024-05-12 19:31:04+00:00,2,2024-05-12 19:52:52+00:00,2024-05-12 19:31:04+00:00,4,False
Slav,2,2023-12-11 12:05:03+00:00,0,,2023-12-11 12:05:03+00:00,2,False
Snake-Lady Fighter JoJoMathsFish,0,,24,2024-10-29 17:34:31+00:00,2024-10-29 17:34:31+00:00,24,False
Snow,0,,4,2025-03-12 11:55:56+00:00,2025-03-12 11:55:56+00:00,4,False
Soum,3,2023-03-06 06:57:53+00:00,1,2023-04-03 06:18:33+00:00,2023-03-06 06:57:53+00:00,4,False
Sourire_avec_lunette_DW,3,2022-10-03 20:42:28+00:00,8,2022-10-03 22:07:56+00:00,2022-10-03 20:42:28+00:00,11,False
Spaceman,3,2023-01-21 01:44:28+00:00,11,2023-01-21 05:50:06+00:00,2023-01-21 01:44:28+00:00,14,False
Sprigazalea,1,2025-01-31 05:17:10+00:00,3,2025-02-01 03:44:37+00:00,2025-01-31 05:17:10+00:00,4,False
Starbreeze,6,2022-12-14 19:08:32+00:00,31,2022-12-14 20:04:40+00:00,2022-12-14 19:08:32+00:00,37,False
Stephan,2,2023-03-18 19:10:17+00:00,2,2023-03-18 22:59:22+00:00,2023-03-18 19:10:17+00:00,4,False
Stephen Mutheu,0,,1,2024-05-12 08:06:40+00:00,2024-05-12 08:06:40+00:00,1,False
Stonelar,0,,4,2024-09-28 12:14:07+00:00,2024-09-28 12:14:07+00:00,4,False
Suman Maji,2,2025-01-08 03:41:33+00:00,0,,2025-01-08 03:41:33+00:00,2,False
Suzy M,4,2024-04-11 17:38:58+00:00,10,2024-04-11 20:50:07+00:00,2024-04-11 17:38:58+00:00,14,False
Syned,1,2022-10-19 08:41:24+00:00,0,,2022-10-19 08:41:24+00:00,1,False
Tahmid Emam,0,,5,2025-01-20 08:01:29+00:00,2025-01-20 08:01:29+00:00,5,False
TanDoori CodEs,1,2024-12-11 17:00:02+00:00,4,2024-12-11 17:55:12+00:00,2024-12-11 17:00:02+00:00,5,False
Tareq,2,2023-10-25 12:48:02+00:00,4,2023-10-25 12:50:48+00:00,2023-10-25 12:48:02+00:00,6,False
Tcukawi | Arichain,1,2023-04-01 21:26:16+00:00,4,2023-04-01 21:26:32+00:00,2023-04-01 21:26:16+00:00,5,False
TechVio,2,2023-05-29 14:58:41+00:00,0,,2023-05-29 14:58:41+00:00,2,False
Temujin,0,,3,2025-04-29 14:04:58+00:00,2025-04-29 14:04:58+00:00,3,False
Tex,1,2022-09-21 12:09:48+00:00,18,2022-09-14 16:13:37+00:00,2022-09-14 16:13:37+00:00,19,False
Tezcatlipoca0000,0,,2,2023-01-13 03:15:10+00:00,2023-01-13 03:15:10+00:00,2,False
The baller,9,2024-04-23 06:36:39+00:00,90,2024-04-24 06:26:36+00:00,2024-04-23 06:36:39+00:00,99,False
TheManticore,1,2024-01-13 02:55:52+00:00,0,,2024-01-13 02:55:52+00:00,1,False
TheYuriG,0,,3,2023-02-24 07:40:05+00:00,2023-02-24 07:40:05+00:00,3,False
Tiit0.,3,2022-10-18 17:03:54+00:00,4,2023-11-01 19:04:10+00:00,2022-10-18 17:03:54+00:00,7,False
Toast.,1,2024-12-08 01:10:22+00:00,10,2024-12-08 01:16:51+00:00,2024-12-08 01:10:22+00:00,11,False
Tordur Hansen,0,,4,2025-05-23 22:45:04+00:00,2025-05-23 22:45:04+00:00,4,False
Trollmen,1,2022-10-20 14:27:55+00:00,5,2022-10-21 11:59:47+00:00,2022-10-20 14:27:55+00:00,6,False
Trudrewski,1,2024-06-26 05:18:51+00:00,2,2024-06-27 00:17:57+00:00,2024-06-26 05:18:51+00:00,3,False
Tuan,2,2024-11-07 14:16:31+00:00,10,2024-11-07 14:33:47+00:00,2024-11-07 14:16:31+00:00,12,False
Tumbo,1,2025-05-23 22:40:17+00:00,3,2025-05-26 04:01:07+00:00,2025-05-23 22:40:17+00:00,4,False
TyeCodes,3,2024-07-24 20:04:39+00:00,3,2024-07-24 20:04:57+00:00,2024-07-24 20:04:39+00:00,6,False
Tylevo,3,2024-06-10 20:15:11+00:00,27,2024-06-10 20:23:20+00:00,2024-06-10 20:15:11+00:00,30,False
Uchiha,1,2022-11-25 08:19:11+00:00,0,,2022-11-25 08:19:11+00:00,1,False
Udai,2,2023-11-05 11:48:21+00:00,2,2023-11-05 13:28:19+00:00,2023-11-05 11:48:21+00:00,4,False
Umaschamber,3,2023-06-01 15:04:42+00:00,0,,2023-06-01 15:04:42+00:00,3,False
Uploadsys,0,,9,2024-05-22 12:25:56+00:00,2024-05-22 12:25:56+00:00,9,False
Vengeance,1,2025-03-15 12:39:20+00:00,0,,2025-03-15 12:39:20+00:00,1,False
Vipe,8,2024-02-26 10:36:09+00:00,48,2024-02-26 10:36:48+00:00,2024-02-26 10:36:09+00:00,56,False
Viveksinh,2,2023-04-21 03:01:59+00:00,0,,2023-04-21 03:01:59+00:00,2,False
Vi·ªát An,1,2023-08-16 10:58:30+00:00,0,,2023-08-16 10:58:30+00:00,1,False
Vojtƒõch Vlƒçek,0,,1,2023-12-17 19:58:30+00:00,2023-12-17 19:58:30+00:00,1,False
Vyvy-vi,0,,13,2022-10-02 14:17:10+00:00,2022-10-02 14:17:10+00:00,13,False
WINNER,11,2023-09-18 16:48:45+00:00,28,2023-09-19 15:32:17+00:00,2023-09-18 16:48:45+00:00,39,False
WangGang,1,2023-06-06 18:58:01+00:00,31,2022-11-17 17:01:16+00:00,2022-11-17 17:01:16+00:00,32,False
Warrior,5,2023-10-21 22:43:57+00:00,0,,2023-10-21 22:43:57+00:00,5,False
Werner,11,2024-09-29 21:42:09+00:00,62,2024-10-02 13:21:17+00:00,2024-09-29 21:42:09+00:00,73,False
Who'sThis?,1,2024-11-25 21:32:58+00:00,3,2024-11-26 07:44:50+00:00,2024-11-25 21:32:58+00:00,4,False
Wizlet,0,,1,2025-01-21 20:51:09+00:00,2025-01-21 20:51:09+00:00,1,False
Xavier,3,2023-02-06 09:59:57+00:00,0,,2023-02-06 09:59:57+00:00,3,False
Yengecbey,3,2024-05-20 16:30:53+00:00,0,,2024-05-20 16:30:53+00:00,3,False
Yllen Fernandez,2,2024-02-29 16:35:28+00:00,10,2024-02-29 17:22:22+00:00,2024-02-29 16:35:28+00:00,12,False
Yonton,4,2025-03-08 02:37:38+00:00,0,,2025-03-08 02:37:38+00:00,4,False
Yula Ywen /ÀàjuÀê.l…ô Ààjwen/üéÑüéÖ,0,,2,2024-10-07 12:54:54+00:00,2024-10-07 12:54:54+00:00,2,False
Zak,2,2024-07-13 10:23:44+00:00,8,2024-07-13 10:26:59+00:00,2024-07-13 10:23:44+00:00,10,False
Zandejn,2,2022-12-22 15:19:06+00:00,18,2022-12-22 15:38:01+00:00,2022-12-22 15:19:06+00:00,20,False
Zenon,3,2023-05-29 22:18:04+00:00,9,2023-05-31 22:57:53+00:00,2023-05-29 22:18:04+00:00,12,False
^$Astro^$,1,2025-03-28 19:32:33+00:00,6,2025-03-28 19:48:56+00:00,2025-03-28 19:32:33+00:00,7,False
^+C+^,1,2023-05-09 20:48:09+00:00,0,,2023-05-09 20:48:09+00:00,1,False
_P√òL√ò_,0,,1,2024-05-03 22:41:26+00:00,2024-05-03 22:41:26+00:00,1,False
_ss_e_sol,1,2023-05-27 11:13:22+00:00,0,,2023-05-27 11:13:22+00:00,1,False
aadi,1,2024-02-17 18:49:58+00:00,10,2024-02-17 19:01:52+00:00,2024-02-17 18:49:58+00:00,11,False
ab,13,2023-02-13 16:36:32+00:00,23,2023-02-14 14:10:27+00:00,2023-02-13 16:36:32+00:00,36,False
abhaygatsaraswat,2,2023-02-15 08:36:18+00:00,6,2023-02-15 08:38:15+00:00,2023-02-15 08:36:18+00:00,8,False
abinding04,1,2024-04-01 13:47:26+00:00,0,,2024-04-01 13:47:26+00:00,1,False
abrartechie,2,2022-10-28 04:04:06+00:00,0,,2022-10-28 04:04:06+00:00,2,False
adimon,0,,5,2024-01-27 10:24:35+00:00,2024-01-27 10:24:35+00:00,5,False
aditya_alshi_,2,2024-01-13 06:33:01+00:00,1,2024-02-14 23:18:29+00:00,2024-01-13 06:33:01+00:00,3,False
africthenucleo,0,,2,2022-12-14 20:58:19+00:00,2022-12-14 20:58:19+00:00,2,False
afucher,0,,3,2023-02-07 01:20:23+00:00,2023-02-07 01:20:23+00:00,3,False
agent,0,,8,2023-01-11 16:58:14+00:00,2023-01-11 16:58:14+00:00,8,False
ahoseinagha,0,,1,2023-02-25 06:47:03+00:00,2023-02-25 06:47:03+00:00,1,False
akg,1,2024-08-21 10:09:49+00:00,1,2024-08-21 21:51:49+00:00,2024-08-21 10:09:49+00:00,2,False
akidev,3,2024-01-20 18:05:03+00:00,12,2024-01-20 18:41:16+00:00,2024-01-20 18:05:03+00:00,15,False
alekgr,0,,1,2023-03-30 17:55:37+00:00,2023-03-30 17:55:37+00:00,1,False
amrit_kt,0,,2,2024-12-30 09:42:43+00:00,2024-12-30 09:42:43+00:00,2,False
andreninpad,1,2024-10-30 11:30:24+00:00,7,2024-10-30 11:39:28+00:00,2024-10-30 11:30:24+00:00,8,False
andresrojas9666,1,2024-07-22 17:01:53+00:00,2,2024-07-25 20:47:43+00:00,2024-07-22 17:01:53+00:00,3,False
andreydmitriev39r,0,,30,2022-09-14 16:22:51+00:00,2022-09-14 16:22:51+00:00,30,False
apple,1,2023-02-23 03:37:31+00:00,7,2023-02-23 01:40:00+00:00,2023-02-23 01:40:00+00:00,8,False
augsch√ºtze,12,2022-10-12 03:20:23+00:00,0,,2022-10-12 03:20:23+00:00,12,False
ayidSudirman,1,2024-05-16 05:41:46+00:00,1,2024-05-02 04:52:55+00:00,2024-05-02 04:52:55+00:00,2,False
bassem,2,2023-12-25 19:30:36+00:00,0,,2023-12-25 19:30:36+00:00,2,False
bibashmanjusubedi,3,2023-07-26 11:19:27+00:00,0,,2023-07-26 11:19:27+00:00,3,False
bibekkshetri.,0,,1,2024-03-02 14:04:19+00:00,2024-03-02 14:04:19+00:00,1,False
bienvenue cedrick,1,2024-10-19 07:57:18+00:00,2,2024-10-20 08:24:04+00:00,2024-10-19 07:57:18+00:00,3,False
bilalaa365,1,2025-01-04 09:34:00+00:00,0,,2025-01-04 09:34:00+00:00,1,False
bjrutledge,0,,1,2023-01-01 01:37:22+00:00,2023-01-01 01:37:22+00:00,1,False
blagoje13,0,,4,2024-10-17 13:12:44+00:00,2024-10-17 13:12:44+00:00,4,False
blamblam,2,2023-07-19 01:29:08+00:00,2,2023-07-19 01:52:35+00:00,2023-07-19 01:29:08+00:00,4,False
bogus_fogus,1,2024-12-09 20:22:24+00:00,0,,2024-12-09 20:22:24+00:00,1,False
bradtaniguchi,1,2024-11-11 00:10:30+00:00,71,2022-09-14 16:13:42+00:00,2022-09-14 16:13:42+00:00,72,False
brat,3,2023-04-08 23:32:10+00:00,0,,2023-04-08 23:32:10+00:00,3,False
brick wall,2,2024-11-23 12:03:43+00:00,0,,2024-11-23 12:03:43+00:00,2,False
brr,1,2024-08-10 02:26:31+00:00,1,2024-08-10 02:27:14+00:00,2024-08-10 02:26:31+00:00,2,False
bunchofrdmltrs,0,,2,2022-11-30 05:15:37+00:00,2022-11-30 05:15:37+00:00,2,False
buzzlebee,1,2025-05-31 20:28:14+00:00,0,,2025-05-31 20:28:14+00:00,1,False
carlosfrontend,0,,36,2023-06-03 16:37:28+00:00,2023-06-03 16:37:28+00:00,36,False
chef,2,2023-05-23 23:58:32+00:00,28,2023-05-23 23:59:13+00:00,2023-05-23 23:58:32+00:00,30,False
cibejjaka,1,2025-03-30 18:32:21+00:00,10,2025-03-30 20:13:45+00:00,2025-03-30 18:32:21+00:00,11,False
codacious,1,2023-02-08 10:37:43+00:00,0,,2023-02-08 10:37:43+00:00,1,False
coffee jelly ouid brownies,0,,1,2023-03-06 23:03:18+00:00,2023-03-06 23:03:18+00:00,1,False
curioventurer,0,,2,2023-05-15 12:21:01+00:00,2023-05-15 12:21:01+00:00,2,False
cyberia777,1,2024-01-15 02:07:50+00:00,1,2024-01-15 15:03:18+00:00,2024-01-15 02:07:50+00:00,2,False
daily_codes,0,,2,2025-05-28 22:25:39+00:00,2025-05-28 22:25:39+00:00,2,False
darkvader,1,2024-11-13 15:01:49+00:00,1,2024-11-17 18:39:05+00:00,2024-11-13 15:01:49+00:00,2,False
david,0,,2,2024-01-06 19:03:05+00:00,2024-01-06 19:03:05+00:00,2,False
davide_ravasi,0,,6,2024-02-12 07:47:28+00:00,2024-02-12 07:47:28+00:00,6,False
deathgamer...,5,2023-02-12 03:41:39+00:00,2,2023-02-12 03:48:22+00:00,2023-02-12 03:41:39+00:00,7,False
deep_learning_42,0,,2,2024-06-04 09:36:15+00:00,2024-06-04 09:36:15+00:00,2,False
derdomi123,1,2023-04-15 20:50:37+00:00,0,,2023-04-15 20:50:37+00:00,1,False
dermio,0,,3,2024-07-25 16:34:01+00:00,2024-07-25 16:34:01+00:00,3,False
deusiel,0,,2,2022-12-29 18:20:31+00:00,2022-12-29 18:20:31+00:00,2,False
devasya,2,2024-08-01 10:50:19+00:00,10,2024-08-02 13:38:16+00:00,2024-08-01 10:50:19+00:00,12,False
dharnny$50trillion,3,2024-03-04 13:08:05+00:00,0,,2024-03-04 13:08:05+00:00,3,False
dishantydv,0,,1,2024-02-22 17:40:48+00:00,2024-02-22 17:40:48+00:00,1,False
djcharliedeville,2,2025-04-19 18:50:36+00:00,10,2025-04-20 16:39:08+00:00,2025-04-19 18:50:36+00:00,12,False
ecniiiv,2,2023-10-24 10:33:26+00:00,0,,2023-10-24 10:33:26+00:00,2,False
eden,1,2022-12-18 14:27:30+00:00,5,2022-12-18 15:16:12+00:00,2022-12-18 14:27:30+00:00,6,False
elin5883,3,2023-04-02 18:44:12+00:00,0,,2023-04-02 18:44:12+00:00,3,False
error-four-o-four,0,,1,2023-01-31 06:48:41+00:00,2023-01-31 06:48:41+00:00,1,False
erzuaa,1,2023-06-04 11:23:53+00:00,0,,2023-06-04 11:23:53+00:00,1,False
eusebieDev,2,2024-04-15 17:46:16+00:00,2,2024-04-16 01:18:35+00:00,2024-04-15 17:46:16+00:00,4,False
ezakaria,2,2023-07-08 04:56:04+00:00,0,,2023-07-08 04:56:04+00:00,2,False
fae ‚úßÔΩ•Ôæü,1,2024-05-24 16:20:33+00:00,0,,2024-05-24 16:20:33+00:00,1,False
falke,2,2022-10-03 06:11:09+00:00,0,,2022-10-03 06:11:09+00:00,2,False
filus,1,2024-09-10 23:58:48+00:00,0,,2024-09-10 23:58:48+00:00,1,False
fionn,2,2024-03-27 12:01:29+00:00,0,,2024-03-27 12:01:29+00:00,2,False
fixrupr,0,,1,2024-11-07 20:36:40+00:00,2024-11-07 20:36:40+00:00,1,False
freek,0,,1,2023-02-08 07:51:24+00:00,2023-02-08 07:51:24+00:00,1,False
geeky_soul_86,1,2024-09-20 15:33:03+00:00,0,,2024-09-20 15:33:03+00:00,1,False
glowstick,0,,1,2024-03-01 00:36:33+00:00,2024-03-01 00:36:33+00:00,1,False
gregWDumont,2,2023-02-03 08:50:36+00:00,2,2023-02-04 23:43:09+00:00,2023-02-03 08:50:36+00:00,4,False
gregersvartskinn,2,2022-12-25 21:18:01+00:00,8,2022-12-26 09:50:46+00:00,2022-12-25 21:18:01+00:00,10,False
griffith,3,2025-04-28 05:17:34+00:00,0,,2025-04-28 05:17:34+00:00,3,False
grindersDev,3,2024-09-19 20:52:09+00:00,3,2024-09-19 20:53:34+00:00,2024-09-19 20:52:09+00:00,6,False
grownslippy,1,2023-09-23 19:47:13+00:00,0,,2023-09-23 19:47:13+00:00,1,False
gurt,1,2024-10-17 14:42:45+00:00,11,2024-10-17 14:43:22+00:00,2024-10-17 14:42:45+00:00,12,False
hahaha,0,,4,2024-11-07 15:26:33+00:00,2024-11-07 15:26:33+00:00,4,False
hambrony,2,2025-04-16 16:33:04+00:00,13,2025-04-08 16:34:20+00:00,2025-04-08 16:34:20+00:00,15,False
hana,11,2024-07-09 23:39:30+00:00,234,2022-09-18 00:41:35+00:00,2022-09-18 00:41:35+00:00,245,False
hfung,0,,3,2023-06-03 16:01:23+00:00,2023-06-03 16:01:23+00:00,3,False
hike632,0,,3,2023-04-06 13:07:45+00:00,2023-04-06 13:07:45+00:00,3,False
huyenltnguyen,0,,6,2023-12-26 19:21:32+00:00,2023-12-26 19:21:32+00:00,6,False
ian || shenanigans,3,2024-11-13 21:54:38+00:00,0,,2024-11-13 21:54:38+00:00,3,False
icecub,0,,2,2023-01-01 20:20:40+00:00,2023-01-01 20:20:40+00:00,2,False
ilenia (they/them),6,2024-01-11 22:02:32+00:00,201,2022-09-15 17:04:51+00:00,2022-09-15 17:04:51+00:00,207,False
ilenia | they/them | UTC+1,0,,2,2023-02-15 08:37:37+00:00,2023-02-15 08:37:37+00:00,2,False
iluvflxr,6,2022-10-23 15:44:00+00:00,32,2022-10-24 04:09:02+00:00,2022-10-23 15:44:00+00:00,38,False
inalelub,2,2023-12-27 19:01:10+00:00,0,,2023-12-27 19:01:10+00:00,2,False
jazzy,1,2025-01-21 14:19:42+00:00,0,,2025-01-21 14:19:42+00:00,1,False
jeremylt (he/they),12,2022-12-23 16:22:53+00:00,522,2022-09-16 05:08:36+00:00,2022-09-16 05:08:36+00:00,534,True
jimjam,3,2024-01-21 11:28:43+00:00,39,2024-01-21 11:29:11+00:00,2024-01-21 11:28:43+00:00,42,False
jluboff,0,,3,2022-09-14 16:17:26+00:00,2022-09-14 16:17:26+00:00,3,False
johnny  the fifth,0,,1,2024-08-03 18:09:13+00:00,2024-08-03 18:09:13+00:00,1,False
johnny the fifth,27,2023-02-21 05:33:47+00:00,20,2023-02-24 17:24:41+00:00,2023-02-21 05:33:47+00:00,47,False
jun,4,2024-01-05 16:19:45+00:00,3,2024-01-05 16:24:14+00:00,2024-01-05 16:19:45+00:00,7,False
just ‚à´du it,1,2024-05-02 21:57:35+00:00,0,,2024-05-02 21:57:35+00:00,1,False
justawalltap,1,2022-12-13 02:38:08+00:00,1,2022-12-13 13:54:57+00:00,2022-12-13 02:38:08+00:00,2,False
justjust,2,2023-03-07 20:08:33+00:00,0,,2023-03-07 20:08:33+00:00,2,False
k. gizzla,2,2024-09-12 19:37:39+00:00,4,2024-09-13 19:04:01+00:00,2024-09-12 19:37:39+00:00,6,False
k3rnlp4n1c,4,2022-11-03 15:30:51+00:00,0,,2022-11-03 15:30:51+00:00,4,False
kC,1,2025-02-18 06:18:46+00:00,7,2025-02-18 06:22:12+00:00,2025-02-18 06:18:46+00:00,8,False
kWiz,0,,1,2023-07-21 10:18:50+00:00,2023-07-21 10:18:50+00:00,1,False
k_11.0,1,2024-11-02 20:02:52+00:00,0,,2024-11-02 20:02:52+00:00,1,False
kaidecoder,2,2023-12-21 05:26:22+00:00,2,2023-12-21 08:44:01+00:00,2023-12-21 05:26:22+00:00,4,False
kb,4,2022-12-02 15:38:36+00:00,16,2022-12-02 15:39:43+00:00,2022-12-02 15:38:36+00:00,20,False
khan,3,2025-05-27 11:51:54+00:00,0,,2025-05-27 11:51:54+00:00,3,False
khushi baloch,1,2025-05-20 14:49:43+00:00,0,,2025-05-20 14:49:43+00:00,1,False
knight,2,2023-11-15 10:50:31+00:00,0,,2023-11-15 10:50:31+00:00,2,False
knightofchapra,0,,2,2024-09-27 04:55:10+00:00,2024-09-27 04:55:10+00:00,2,False
laurentaylor2433,3,2023-01-29 02:26:18+00:00,4,2023-01-29 04:20:34+00:00,2023-01-29 02:26:18+00:00,7,False
leNatto,2,2024-01-02 16:37:53+00:00,1,2024-01-02 18:05:10+00:00,2024-01-02 16:37:53+00:00,3,False
legorat,2,2025-05-26 20:34:06+00:00,18,2025-05-26 21:14:57+00:00,2025-05-26 20:34:06+00:00,20,False
liam.gower,1,2024-05-04 20:56:43+00:00,4,2024-05-05 11:40:38+00:00,2024-05-04 20:56:43+00:00,5,False
localhost,40,2024-01-23 10:38:34+00:00,186,2024-01-23 11:11:52+00:00,2024-01-23 10:38:34+00:00,226,False
lokimoya,2,2024-08-08 05:06:48+00:00,0,,2024-08-08 05:06:48+00:00,2,False
mace,1,2023-01-24 16:58:28+00:00,3,2023-01-24 17:12:32+00:00,2023-01-24 16:58:28+00:00,4,False
main.rs,0,,3,2023-10-13 18:22:07+00:00,2023-10-13 18:22:07+00:00,3,False
manuel,1,2024-02-27 12:07:26+00:00,3,2024-02-27 12:52:44+00:00,2024-02-27 12:07:26+00:00,4,False
mathangig.,1,2024-04-03 18:06:30+00:00,0,,2024-04-03 18:06:30+00:00,1,False
maty_marrokin,1,2023-12-29 17:49:27+00:00,0,,2023-12-29 17:49:27+00:00,1,False
maxen,4,2024-03-11 07:54:37+00:00,23,2024-03-11 08:04:53+00:00,2024-03-11 07:54:37+00:00,27,False
mevcotir,1,2023-01-26 22:37:12+00:00,13,2023-01-27 22:32:58+00:00,2023-01-26 22:37:12+00:00,14,False
mfaathirarsa,3,2024-05-06 13:04:30+00:00,6,2024-05-06 13:08:39+00:00,2024-05-06 13:04:30+00:00,9,False
mikev,1,2023-03-16 23:25:16+00:00,6,2023-03-16 23:47:20+00:00,2023-03-16 23:25:16+00:00,7,False
mohamed9,1,2023-12-07 13:33:03+00:00,5,2023-12-07 13:44:27+00:00,2023-12-07 13:33:03+00:00,6,False
monz,4,2023-08-20 21:31:07+00:00,12,2023-08-21 20:54:22+00:00,2023-08-20 21:31:07+00:00,16,False
mr-kumar,1,2024-04-14 17:22:06+00:00,1,2024-04-14 21:35:22+00:00,2024-04-14 17:22:06+00:00,2,False
mr.mathur,1,2024-10-17 11:32:03+00:00,0,,2024-10-17 11:32:03+00:00,1,False
muad,0,,2,2024-10-17 14:50:40+00:00,2024-10-17 14:50:40+00:00,2,False
mvetom,0,,1,2023-12-25 22:53:59+00:00,2023-12-25 22:53:59+00:00,1,False
n4pZ,0,,3,2024-09-15 09:39:33+00:00,2024-09-15 09:39:33+00:00,3,False
nIghT,4,2023-01-20 11:24:51+00:00,34,2023-01-20 11:41:00+00:00,2023-01-20 11:24:51+00:00,38,False
nekit,0,,1,2024-10-19 15:15:22+00:00,2024-10-19 15:15:22+00:00,1,False
neo,2,2024-09-04 04:07:39+00:00,0,,2024-09-04 04:07:39+00:00,2,False
nicolelearner,0,,3,2024-03-15 21:48:27+00:00,2024-03-15 21:48:27+00:00,3,False
nikameush,0,,3,2022-12-31 07:44:02+00:00,2022-12-31 07:44:02+00:00,3,False
no,0,,8,2023-03-30 13:50:27+00:00,2023-03-30 13:50:27+00:00,8,False
numb,2,2022-09-30 16:44:34+00:00,18,2022-09-30 17:06:09+00:00,2022-09-30 16:44:34+00:00,20,False
offby1,0,,5,2024-12-09 21:54:13+00:00,2024-12-09 21:54:13+00:00,5,False
omar,0,,1,2023-06-12 12:48:19+00:00,2023-06-12 12:48:19+00:00,1,False
oppblockjoe,0,,1,2024-07-15 12:54:32+00:00,2024-07-15 12:54:32+00:00,1,False
pirgoldenflab,0,,4,2024-03-05 08:50:59+00:00,2024-03-05 08:50:59+00:00,4,False
plamoni,16,2022-12-08 16:55:13+00:00,154,2022-12-15 05:15:09+00:00,2022-12-08 16:55:13+00:00,170,False
plastic333,0,,1,2022-10-18 19:08:48+00:00,2022-10-18 19:08:48+00:00,1,False
poly,0,,3,2022-09-15 13:24:25+00:00,2022-09-15 13:24:25+00:00,3,False
popo the clown ü§°,1,2025-03-03 22:05:30+00:00,1,2025-03-03 22:05:43+00:00,2025-03-03 22:05:30+00:00,2,False
potstickerÔºàÈ•∫Â≠ê‰πãÁéãÂ≠êÔºâ,0,,4,2023-08-28 05:27:28+00:00,2023-08-28 05:27:28+00:00,4,False
pragmaticM678,0,,8,2024-02-21 12:32:14+00:00,2024-02-21 12:32:14+00:00,8,False
prodoit,3,2024-02-04 09:16:00+00:00,2,2023-12-11 18:23:06+00:00,2023-12-11 18:23:06+00:00,5,False
prolefeed_me,1,2023-10-13 02:59:07+00:00,0,,2023-10-13 02:59:07+00:00,1,False
punitdave,0,,6,2025-05-01 16:13:45+00:00,2025-05-01 16:13:45+00:00,6,False
purple crayon,1,2024-11-05 07:40:52+00:00,0,,2024-11-05 07:40:52+00:00,1,False
raFFe,1,2023-01-30 19:08:03+00:00,0,,2023-01-30 19:08:03+00:00,1,False
rapraider,1,2024-05-04 22:17:17+00:00,1,2024-05-05 14:21:36+00:00,2024-05-04 22:17:17+00:00,2,False
raquel,1,2023-08-20 17:40:09+00:00,0,,2023-08-20 17:40:09+00:00,1,False
reel0green,1,2023-03-06 03:17:20+00:00,2,2023-03-06 20:43:10+00:00,2023-03-06 03:17:20+00:00,3,False
renny,1,2025-05-28 08:52:39+00:00,0,,2025-05-28 08:52:39+00:00,1,False
rhlzd_,2,2023-05-05 13:07:25+00:00,2,2023-05-05 13:54:44+00:00,2023-05-05 13:07:25+00:00,4,False
rippledwater,0,,1,2023-09-14 08:56:19+00:00,2023-09-14 08:56:19+00:00,1,False
rishbish,1,2023-11-16 15:08:13+00:00,7,2023-11-16 16:51:08+00:00,2023-11-16 15:08:13+00:00,8,False
rivers07_,1,2024-12-20 13:32:17+00:00,0,,2024-12-20 13:32:17+00:00,1,False
rlax,1,2023-05-01 18:18:42+00:00,0,,2023-05-01 18:18:42+00:00,1,False
rmnpch,2,2023-04-27 14:04:41+00:00,5,2023-04-20 11:19:39+00:00,2023-04-20 11:19:39+00:00,7,False
rustamdocstranslator,0,,8,2023-02-08 12:22:16+00:00,2023-02-08 12:22:16+00:00,8,False
sagi_r,0,,3,2023-06-17 06:08:55+00:00,2023-06-17 06:08:55+00:00,3,False
saladin4819,1,2022-10-03 07:56:26+00:00,5,2022-10-03 08:37:31+00:00,2022-10-03 07:56:26+00:00,6,False
salamtuga yashariku,1,2023-02-21 20:10:57+00:00,0,,2023-02-21 20:10:57+00:00,1,False
sazk,1,2023-09-15 21:09:04+00:00,25,2023-05-15 11:04:07+00:00,2023-05-15 11:04:07+00:00,26,False
scanteo,0,,1,2025-01-06 05:56:00+00:00,2025-01-06 05:56:00+00:00,1,False
schismssss,1,2024-11-24 19:58:28+00:00,0,,2024-11-24 19:58:28+00:00,1,False
secondarymonitor (Amin),3,2023-02-05 21:17:05+00:00,1,2023-02-05 21:30:13+00:00,2023-02-05 21:17:05+00:00,4,False
semmyenator,0,,1,2024-08-28 12:07:25+00:00,2024-08-28 12:07:25+00:00,1,False
shanky,5,2023-11-28 16:27:09+00:00,0,,2023-11-28 16:27:09+00:00,5,False
shiftstick,0,,1,2023-11-29 05:24:24+00:00,2023-11-29 05:24:24+00:00,1,False
shiju,0,,6,2025-05-20 15:40:32+00:00,2025-05-20 15:40:32+00:00,6,False
shoeler,0,,1,2024-02-18 18:20:38+00:00,2024-02-18 18:20:38+00:00,1,False
shone,1,2024-07-05 15:52:08+00:00,16,2024-07-05 15:57:40+00:00,2024-07-05 15:52:08+00:00,17,False
shootermv,0,,26,2023-05-16 10:54:38+00:00,2023-05-16 10:54:38+00:00,26,False
shvn,1,2024-11-26 17:15:39+00:00,1,2024-11-26 17:24:35+00:00,2024-11-26 17:15:39+00:00,2,False
simch1p,1,2022-12-07 02:54:12+00:00,0,,2022-12-07 02:54:12+00:00,1,False
smit8876,1,2024-10-17 13:59:18+00:00,0,,2024-10-17 13:59:18+00:00,1,False
sneakyopossum,0,,1,2023-01-27 07:34:40+00:00,2023-01-27 07:34:40+00:00,1,False
sojourner318,1,2024-09-17 14:30:03+00:00,8,2024-09-17 14:30:35+00:00,2024-09-17 14:30:03+00:00,9,False
sprinting,0,,2,2024-09-07 01:17:07+00:00,2024-09-07 01:17:07+00:00,2,False
starasaurus,3,2023-07-22 15:36:11+00:00,0,,2023-07-22 15:36:11+00:00,3,False
strado,1,2023-10-05 03:52:40+00:00,0,,2023-10-05 03:52:40+00:00,1,False
tchatapat,1,2022-10-14 15:03:07+00:00,3,2022-10-14 15:03:52+00:00,2022-10-14 15:03:07+00:00,4,False
tgrtim,0,,33,2023-07-08 11:47:12+00:00,2023-07-08 11:47:12+00:00,33,False
thePresiding,2,2024-02-02 02:00:41+00:00,0,,2024-02-02 02:00:41+00:00,2,False
theSeek3r,0,,3,2023-03-08 22:35:55+00:00,2023-03-08 22:35:55+00:00,3,False
thekzg,1,2024-07-17 18:29:36+00:00,0,,2024-07-17 18:29:36+00:00,1,False
therealb,0,,5,2024-01-11 22:02:56+00:00,2024-01-11 22:02:56+00:00,5,False
theunseen,2,2023-01-15 13:20:51+00:00,2,2023-01-15 14:20:20+00:00,2023-01-15 13:20:51+00:00,4,False
thornyroses,2,2022-11-30 14:23:44+00:00,2,2022-11-30 21:06:15+00:00,2022-11-30 14:23:44+00:00,4,False
timo,4,2023-01-20 16:13:33+00:00,0,,2023-01-20 16:13:33+00:00,4,False
tobyPlaysTheUke,0,,34,2022-12-17 14:47:35+00:00,2022-12-17 14:47:35+00:00,34,False
tomatocultivator2879,1,2024-05-22 10:43:31+00:00,0,,2024-05-22 10:43:31+00:00,1,False
trickthevick,5,2023-01-30 13:27:59+00:00,0,,2023-01-30 13:27:59+00:00,5,False
tsukasafan,1,2024-01-31 19:09:15+00:00,0,,2024-01-31 19:09:15+00:00,1,False
unicorn,1,2023-04-04 16:00:01+00:00,2,2023-04-04 19:17:47+00:00,2023-04-04 16:00:01+00:00,3,False
unkn0wnd.fbx,3,2024-10-24 09:40:27+00:00,0,,2024-10-24 09:40:27+00:00,3,False
vakhil98,2,2023-10-10 05:02:38+00:00,0,,2023-10-10 05:02:38+00:00,2,False
vandroid,2,2022-10-18 10:15:38+00:00,0,,2022-10-18 10:15:38+00:00,2,False
var,0,,1,2023-09-14 13:26:01+00:00,2023-09-14 13:26:01+00:00,1,False
verdothy,0,,1,2024-12-13 00:34:05+00:00,2024-12-13 00:34:05+00:00,1,False
walter black,1,2022-10-08 05:07:30+00:00,0,,2022-10-08 05:07:30+00:00,1,False
weemarb,1,2025-03-24 01:44:52+00:00,1,2025-03-24 01:46:35+00:00,2025-03-24 01:44:52+00:00,2,False
xcun,0,,1,2024-07-26 18:13:13+00:00,2024-07-26 18:13:13+00:00,1,False
xoxo,1,2024-08-07 13:40:42+00:00,7,2024-08-07 13:55:21+00:00,2024-08-07 13:40:42+00:00,8,False
yousef ahmed,3,2024-08-24 04:18:39+00:00,0,,2024-08-24 04:18:39+00:00,3,False
zohra64,0,,1,2023-01-02 16:20:36+00:00,2023-01-02 16:20:36+00:00,1,False
~/ Cultured Man,2,2024-02-04 17:04:23+00:00,0,,2024-02-04 17:04:23+00:00,2,False
 ç«ü”º…®∆à Ä ä…®÷Ü…õ,1,2025-02-17 11:36:25+00:00,0,,2025-02-17 11:36:25+00:00,1,False
œâŒπŒ∑—Ç—î—è—ïŒπ—ï—ÇŒ±,1,2024-03-28 07:48:08+00:00,5,2024-03-28 07:48:40+00:00,2024-03-28 07:48:08+00:00,6,False
ﬁ™bﬁ∞uﬁßlﬁßhﬁ∞aﬁ∞a,0,,31,2024-03-17 15:26:25+00:00,2024-03-17 15:26:25+00:00,31,False
·ó©·í™·ì∞_,1,2024-08-12 03:26:27+00:00,0,,2024-08-12 03:26:27+00:00,1,False
·≤º,4,2024-10-19 11:51:06+00:00,37,2024-10-19 16:33:53+00:00,2024-10-19 11:51:06+00:00,41,False
‚ô† ‚Ñ§ùïñùïóùï¶ùïùùïö ‚ô•,5,2024-01-14 20:22:49+00:00,5,2024-01-14 20:24:29+00:00,2024-01-14 20:22:49+00:00,10,False
„Äò„Ç¢„Ç∫ÂõΩ„Äô„Ç¢„Ç≠„É©,1,2023-04-10 12:53:37+00:00,3,2023-04-10 14:15:54+00:00,2023-04-10 12:53:37+00:00,4,False
„Ç¢„Çπ„É©,5,2023-01-18 22:54:29+00:00,33,2023-01-19 16:48:22+00:00,2023-01-18 22:54:29+00:00,38,False
ùêµùëíùìÅùìÅùí∂ ùìàùíæùëîùìÉùëúùìáùí∂,1,2024-05-07 21:35:56+00:00,3,2024-05-07 21:36:05+00:00,2024-05-07 21:35:56+00:00,4,False
ùë©ùë®ùëÆùë®-37,1,2024-02-21 12:44:04+00:00,0,,2024-02-21 12:44:04+00:00,1,False
ùîóùîûùî©ùî¶ùî°ùîûùîëùî¶,1,2024-10-16 09:04:49+00:00,7,2024-10-16 09:12:44+00:00,2024-10-16 09:04:49+00:00,8,False
üê∞emilieüß¨,0,,3,2024-08-21 14:09:52+00:00,2024-08-21 14:09:52+00:00,3,False
üíÄ ü…® Ñ…õ …®÷Ü ’°÷Ö Ä÷Ü…õüíÄ,1,2022-09-15 13:01:06+00:00,18,2022-09-16 04:30:16+00:00,2022-09-15 13:01:06+00:00,19,False
ü©∏Kyrosü©∏,2,2025-01-19 17:37:17+00:00,4,2025-01-19 21:11:01+00:00,2025-01-19 17:37:17+00:00,6,False
